entryId,action,beforeTerm,afterTerm,changedFields,before,after,reason,source,confirmedOn,claimScope,history,audio
concept-0001,Relations-only specification retrofit,Temporal Audiovisual Language,Temporal Audiovisual Language,revision / relations / productionImplication / completionScope / contentRevision / claimEvidence / editorialReviewStatus / registryConnectionNote / formulaStatus,"{""term"": ""Temporal Audiovisual Language"", ""jp"": ""時間的視聴覚言語"", ""layer"": ""Cross-Layer"", ""frameworkStatus"": ""Alpha 6.0 Core"", ""guidance"": ""時間の流れの中で、音と映像が相互作用して意味を作る言語として捉える。"", ""primer"": ""映像作品で、音・画面・編集の時間的な組み合わせが理解や意味を生む仕組みを扱います。"", ""process"": ""Audio Information と Visual Information を別々に受け取るのではなく、時間軸上で統合し、知覚→認知→意味形成へ進む。"", ""integration"": ""編集、音楽、画面構成、情報提示、人物関係が同時進行で作用する。単なるAudio + Visualではなく、時間的配置によって新しい意味が生成される点が中心。"", ""formation"": ""音と映像を時間軸上で統合し、知覚・認知・意味・娯楽体験を形成する総合言語体系。"", ""publicDefinition"": ""音響と映像の時間的配置を通じ、知覚・時間的認知統合・意味形成・娯楽経験の関係を分析するAlpha 6.0の中核概念。""}","{""term"": ""Temporal Audiovisual Language"", ""jp"": ""時間的視聴覚言語"", ""layer"": ""Cross-Layer"", ""frameworkStatus"": ""Alpha 6.0 Core"", ""guidance"": ""時間の流れの中で、音と映像が相互作用して意味を作る言語として捉える。"", ""primer"": ""映像作品で、音・画面・編集の時間的な組み合わせが理解や意味を生む仕組みを扱います。"", ""process"": ""Audio Information と Visual Information を別々に受け取るのではなく、時間軸上で統合し、知覚→認知→意味形成へ進む。"", ""integration"": ""編集、音楽、画面構成、情報提示、人物関係が同時進行で作用する。単なるAudio + Visualではなく、時間的配置によって新しい意味が生成される点が中心。"", ""formation"": ""音と映像を時間軸上で統合し、知覚・認知・意味・娯楽体験を形成する総合言語体系。"", ""publicDefinition"": ""音響と映像の時間的配置を通じ、知覚・時間的認知統合・意味形成・娯楽経験の関係を分析するAlpha 6.0の中核概念。""}",現行の分析参照は4-Layer / 8-Index Core、別枠Layer +1のE9/E10、独立Outcome CTIへ分かれる。時間的な意味形成の概念と、この評価配置や候補連鎖を同一の計算式にしない。,Anime:JudgementSystem.pdf p.1 + Work Prompt + v0.2 Public baseline,"2026-09-16 (receipt/inspection, not framework establishment)",Editorial / retained public proposal,v0.151 unchanged where present; full public v0.2 snapshot retained,Preserved exact object/base64
concept-0002,Core synchronisation retrofit,Knowledge Architecture,Knowledge Architecture,category / status / layer / process / integration / formation / publicDefinition / primer / statuses / revision / provenance / relations / group / frameworkStatus / frameworkIntroducedIn / frameworkRevisedIn / frameworkRole / operationalUse / evidenceStatus / productionImplication / evidence / aliases / frameworkEvolution / boundarySummary / canonicalRegistryId / structuralRole / claimEvidence / completionScope / contentRevision / checks / recognitionDelta / etymologicalGenesis / formalDefinitionSource / editorialReviewStatus / formulaStatus,"{""term"": ""Knowledge Architecture"", ""jp"": ""知識構造"", ""layer"": ""Historical: L1"", ""frameworkStatus"": ""Alpha 6.0 Operational"", ""guidance"": ""作品が『何を知る世界として組み立てるか』を見る。"", ""primer"": ""作品世界について何が分かり、どんな因果関係を理解できるかを整理する層です。"", ""process"": ""物語と情報を追いながら、世界・制度・因果・人物関係について視聴者内部に知識モデルを形成する。"", ""integration"": ""Narrative Architecture と Information Architecture が組み合わさり、視聴者が作品世界を理解するための知識基盤を作る。"", ""formation"": ""物語と情報設計によって、視聴者の中に作品世界の知識モデルを構築する層。"", ""publicDefinition"": ""物語と情報設計によって、視聴者の中に作品世界の知識モデルを構築する層。 現行Alpha 6.0における正式名称・帰属の確認は別途必要。""}","{""term"": ""Knowledge Architecture"", ""jp"": ""知識構造"", ""layer"": ""L1"", ""frameworkStatus"": ""Alpha 6.0 Core"", ""guidance"": ""作品が『何を知る世界として組み立てるか』を見る。"", ""primer"": ""Illustrative Example：同じ事件でも情報の順序と人物のつながりで世界の理解が変わる。 この場合に何を区別でき、何はまだ言えないかを考える。"", ""process"": ""Operational Recognition Route：世界の事実・規則と提示された情報を分ける → 物語の関係構成と情報の配分を対応づける → どんな知識像が成立するか示す → 理解の制御過程を扱うL2と分ける。 以下は概念を見分けるための編集的手順で、実証済みの心理過程を示すものではない。"", ""integration"": ""L1はCore25%。E1が層内55%、E2が45%。Architectureは知識の組織を問う名称で、情報量の多さや高いLevelを意味しない。PDFに総合式はない。"", ""formation"": ""物語と情報の構成がどんな世界・関係の知識を成立させるかを扱うCore層。認知過程や意味の評価と分け、明示された配分以上の計算を追加しない。"", ""publicDefinition"": ""物語と情報の構成がどんな世界・関係の知識を成立させるかを扱うCore層。認知過程や意味の評価と分け、明示された配分以上の計算を追加しない。""}",PDFが正式名称・所属・明示比率を確定。一般的な説明と正式Index/Layerの役割を区別して再構成。,Anime:JudgementSystem.pdf p.1 + Work Prompt + v0.2 Public baseline,"2026-09-16 (receipt/inspection, not framework establishment)",Label/placement/explicit weights source-confirmed; concept-specific explanation editorial,v0.151 unchanged where present; full public v0.2 snapshot retained,Preserved exact object/base64
concept-0003,Core synchronisation retrofit,Cognitive Architecture,Cognitive Architecture,category / status / layer / process / integration / formation / publicDefinition / primer / statuses / revision / provenance / relations / group / frameworkStatus / frameworkIntroducedIn / frameworkRevisedIn / frameworkRole / operationalUse / evidenceStatus / productionImplication / evidence / aliases / frameworkEvolution / boundarySummary / canonicalRegistryId / structuralRole / claimEvidence / completionScope / contentRevision / checks / recognitionDelta / etymologicalGenesis / formalDefinitionSource / editorialReviewStatus / formulaStatus,"{""term"": ""Cognitive Architecture"", ""jp"": ""認知構造"", ""layer"": ""Historical: L2"", ""frameworkStatus"": ""Alpha 6.0 Operational"", ""guidance"": ""視聴者が『どう理解させられるか』を見る。"", ""primer"": ""同じ情報でも、見せる順序や再提示によって理解が変わることに注目する層です。"", ""process"": ""編集順序・反復・省略・再視聴による情報再発見を通じ、理解の仕方そのものが設計される。"", ""integration"": ""Editing Intelligence と Rewatch Information Density が、情報の順序・遅延・再解釈を制御し、認知形成を方向づける。"", ""formation"": ""時間的編集と再読性によって、視聴者の理解の仕方を設計する層。"", ""publicDefinition"": ""時間的編集と再読性によって、視聴者の理解の仕方を設計する層。 現行Alpha 6.0における正式名称・帰属の確認は別途必要。""}","{""term"": ""Cognitive Architecture"", ""jp"": ""認知構造"", ""layer"": ""L2"", ""frameworkStatus"": ""Alpha 6.0 Core"", ""guidance"": ""視聴者が『どう理解させられるか』を見る。"", ""primer"": ""Illustrative Example：切替の順序で誤った予測を持ち、後から修正する。 この場合に何を区別でき、何はまだ言えないかを考える。"", ""process"": ""Operational Recognition Route：受け手が追う注意・推測・更新の順序を記述 → 編集がその順序をどう制御するか特定 → 再視聴時の追加理解を別に観察 → 知識内容と認知の進み方を分ける。 以下は概念を見分けるための編集的手順で、実証済みの心理過程を示すものではない。"", ""integration"": ""L2はCore25%、E3が層内60%、E4が40%。認知の働きを問う層であり、脳機構の実証モデルでもLayer +1の新可能性でもない。"", ""formation"": ""表現が理解の進行と再接触時の情報の読みをどう組織するかを扱うCore層。伝達内容の多さや実測された心理機構と混同しない。"", ""publicDefinition"": ""表現が理解の進行と再接触時の情報の読みをどう組織するかを扱うCore層。伝達内容の多さや実測された心理機構と混同しない。""}",PDFが正式名称・所属・明示比率を確定。一般的な説明と正式Index/Layerの役割を区別して再構成。,Anime:JudgementSystem.pdf p.1 + Work Prompt + v0.2 Public baseline,"2026-09-16 (receipt/inspection, not framework establishment)",Label/placement/explicit weights source-confirmed; concept-specific explanation editorial,v0.151 unchanged where present; full public v0.2 snapshot retained,Preserved exact object/base64
concept-0004,Core synchronisation retrofit,Empathic-Emotional Architecture,Empathic-Emotional Architecture,jp / category / status / layer / process / integration / formation / publicDefinition / primer / statuses / revision / provenance / relations / group / frameworkStatus / frameworkIntroducedIn / frameworkRevisedIn / frameworkRole / operationalUse / evidenceStatus / productionImplication / evidence / aliases / frameworkEvolution / boundarySummary / canonicalRegistryId / structuralRole / claimEvidence / completionScope / contentRevision / checks / recognitionDelta / etymologicalGenesis / formalDefinitionSource / editorialReviewStatus / formulaStatus,"{""term"": ""Empathic-Emotional Architecture"", ""jp"": ""共感・情動構造"", ""layer"": ""Historical: L3"", ""frameworkStatus"": ""Alpha 6.0 Operational"", ""guidance"": ""『誰の世界を内側から理解し、どの情動で経験するか』を見る。"", ""primer"": ""人物の立場を理解することと、その理解を感情として経験することを扱う層です。"", ""process"": ""人物間の視点取得と、音楽・演技・映像・編集による情動誘導を同時に処理する。"", ""integration"": ""Empathic Network Complexity が視点の複数性を作り、Musical-Cognitive Integration が時間的情動経験を形成する。"", ""formation"": ""複数人物の内的世界を理解させ、その理解を情動経験へ変換する層。"", ""publicDefinition"": ""複数人物の内的世界を理解させ、その理解を情動経験へ変換する層。 現行Alpha 6.0における正式名称・帰属の確認は別途必要。""}","{""term"": ""Empathic-Emotional Architecture"", ""jp"": ""共感構造＋情動構造"", ""layer"": ""L3"", ""frameworkStatus"": ""Alpha 6.0 Core"", ""guidance"": ""『誰の世界を内側から理解し、どの情動で経験するか』を見る。"", ""primer"": ""Illustrative Example：対立する二人の心情が異なる音楽と視点で示される。 この場合に何を区別でき、何はまだ言えないかを考える。"", ""process"": ""Operational Recognition Route：誰の状況がどの視点から分かるか記録 → 音楽と表現が共感・情動をどう関係づけるか読む → 情動の強さと複数視点の接続を分ける → 一時反応とOutcomeを区別する。 以下は概念を見分けるための編集的手順で、実証済みの心理過程を示すものではない。"", ""integration"": ""L3はCore25%、E5が層内40%、E6が60%。共感構造＋情動構造という正式表示を保持する。強く泣いたこととCTIの認知変容は別である。"", ""formation"": ""共感と情動が音楽・視点の関係によってどう構成されるかを扱うCore層。感情の強さや観客の後の変化へ還元しない。"", ""publicDefinition"": ""共感と情動が音楽・視点の関係によってどう構成されるかを扱うCore層。感情の強さや観客の後の変化へ還元しない。""}",PDFが正式名称・所属・明示比率を確定。一般的な説明と正式Index/Layerの役割を区別して再構成。,Anime:JudgementSystem.pdf p.1 + Work Prompt + v0.2 Public baseline,"2026-09-16 (receipt/inspection, not framework establishment)",Label/placement/explicit weights source-confirmed; concept-specific explanation editorial,v0.151 unchanged where present; full public v0.2 snapshot retained,Preserved exact object/base64
concept-0005,Core synchronisation retrofit,Meaning Architecture,Meaning Architecture,category / status / layer / process / integration / formation / publicDefinition / primer / statuses / revision / provenance / relations / group / frameworkStatus / frameworkIntroducedIn / frameworkRevisedIn / frameworkRole / operationalUse / evidenceStatus / productionImplication / evidence / aliases / frameworkEvolution / boundarySummary / canonicalRegistryId / structuralRole / claimEvidence / completionScope / contentRevision / checks / recognitionDelta / etymologicalGenesis / formalDefinitionSource / editorialReviewStatus / formulaStatus,"{""term"": ""Meaning Architecture"", ""jp"": ""意味構造"", ""layer"": ""Historical: L4"", ""frameworkStatus"": ""Alpha 6.0 Operational"", ""guidance"": ""作品の各要素が最終的に『何を意味する構造になったか』を見る。"", ""primer"": ""物語・映像・音楽・共感が、作品全体の意味へどうつながるかを扱う層です。"", ""process"": ""視覚的意味、物語情報、認知、共感、時間的経験を統合し、単独要素を超える意味を形成する。"", ""integration"": ""Visual Semantics と Semantic Integration が中心となり、他Layerの成果を意味へ統合する。"", ""formation"": ""視覚・認知・共感・情報を統合し、作品全体の意味生成を成立させる層。"", ""publicDefinition"": ""視覚・認知・共感・情報を統合し、作品全体の意味生成を成立させる層。 現行Alpha 6.0における正式名称・帰属の確認は別途必要。""}","{""term"": ""Meaning Architecture"", ""jp"": ""意味構造"", ""layer"": ""L4"", ""frameworkStatus"": ""Alpha 6.0 Core"", ""guidance"": ""作品の各要素が最終的に『何を意味する構造になったか』を見る。"", ""primer"": ""Illustrative Example：同じ場所の音と映像が終盤で別の意味へつながる。 この場合に何を区別でき、何はまだ言えないかを考える。"", ""process"": ""Operational Recognition Route：要素が運ぶ意味を個別に拾う → 全体で意味がどう結ばれるか調べる → 音響・映像の局所的意味と全体統合を分ける → 一つの解釈への閉鎖を前提にしない。 以下は概念を見分けるための編集的手順で、実証済みの心理過程を示すものではない。"", ""integration"": ""L4はCore25%、E7が層内40%、E8が60%。意味は台詞の主張だけでなく音・映像の作用を含む。Semantic Opennessと意味統合は両立し得る。"", ""formation"": ""音響・映像の意味作用と全体の統合が意味の構造をどう作るかを扱うCore層。教訓の明快さや唯一解の有無へ還元しない。"", ""publicDefinition"": ""音響・映像の意味作用と全体の統合が意味の構造をどう作るかを扱うCore層。教訓の明快さや唯一解の有無へ還元しない。""}",PDFが正式名称・所属・明示比率を確定。一般的な説明と正式Index/Layerの役割を区別して再構成。,Anime:JudgementSystem.pdf p.1 + Work Prompt + v0.2 Public baseline,"2026-09-16 (receipt/inspection, not framework establishment)",Label/placement/explicit weights source-confirmed; concept-specific explanation editorial,v0.151 unchanged where present; full public v0.2 snapshot retained,Preserved exact object/base64
concept-0006,Rename and retrofit,Narrative Architecture,Narrative Architecture Index,term / jp / category / status / layer / process / integration / formation / publicDefinition / ipa / primer / speechText / statuses / revision / provenance / relations / audio / group / frameworkStatus / frameworkIntroducedIn / frameworkRevisedIn / frameworkRole / operationalUse / evidenceStatus / productionImplication / evidence / aliases / audioStatus / frameworkEvolution / boundarySummary / previousTerm / canonicalRegistryId / structuralRole / claimEvidence / completionScope / contentRevision / checks / recognitionDelta / etymologicalGenesis / formalDefinitionSource / editorialReviewStatus / formulaStatus,"{""term"": ""Narrative Architecture"", ""jp"": ""物語構造"", ""layer"": ""Historical: E1 / L1"", ""frameworkStatus"": ""Alpha 6.0 Operational"", ""guidance"": ""筋書きの面白さではなく、物語が知識・因果・人物・意味をどう組織するかを見る。"", ""primer"": ""出来事の順番や人物の視点を、世界を理解させるための設計として評価します。"", ""process"": ""出来事の順序、因果、視点、伏線、情報開示の配置を追い、物語が認知モデルをどう構築するかを判断する。"", ""integration"": ""Information Architecture、Editing Intelligence、Semantic Integrationと接続し、単独のPlot評価を避ける。"", ""formation"": ""物語を、視聴者の知識と意味形成を組織する構造として評価するElement。"", ""publicDefinition"": ""物語を、視聴者の知識と意味形成を組織する構造として評価するElement。 現行Alpha 6.0における正式名称・帰属の確認は別途必要。""}","{""term"": ""Narrative Architecture Index"", ""jp"": ""物語構造指数"", ""layer"": ""E1 / L1"", ""frameworkStatus"": ""Alpha 6.0 Core"", ""guidance"": ""筋書きの面白さではなく、物語が知識・因果・人物・意味をどう組織するかを見る。"", ""primer"": ""Illustrative Example：同じ事件を親子の二世代に配置し、選択の反復を読ませる。 この場合に何を区別でき、何はまだ言えないかを考える。"", ""process"": ""Operational Recognition Route：出来事・人物・時間の配置を図式化 → 接続や順序が何を理解可能にするか読む → 情報開示の操作を別に分ける → 物語の組織として根拠を残す。 以下は概念を見分けるための編集的手順で、実証済みの心理過程を示すものではない。"", ""integration"": ""E1はL1内55%のCore指標。E2は情報の配分、E1は物語関係の構成を問う。直線的な順序でも組織は成立し、複雑さだけを高得点にしない。"", ""formation"": ""出来事・人物・時間が物語としてどんな関係を形づくるかを扱う正式指標。情報の隠し方や事件数だけに還元しない。"", ""publicDefinition"": ""出来事・人物・時間が物語としてどんな関係を形づくるかを扱う正式指標。情報の隠し方や事件数だけに還元しない。""}",PDFが正式名称・所属・明示比率を確定。一般的な説明と正式Index/Layerの役割を区別して再構成。,Anime:JudgementSystem.pdf p.1 + Work Prompt + v0.2 Public baseline,"2026-09-16 (receipt/inspection, not framework establishment)",Label/placement/explicit weights source-confirmed; concept-specific explanation editorial,v0.151 unchanged where present; full public v0.2 snapshot retained,Current name generated with Samantha; former name retained in Historical Pronunciation
concept-0007,Rename and retrofit,Information Architecture,Information Architecture Index,term / jp / category / status / layer / process / integration / formation / publicDefinition / ipa / primer / speechText / statuses / revision / provenance / relations / audio / group / frameworkStatus / frameworkIntroducedIn / frameworkRevisedIn / frameworkRole / operationalUse / evidenceStatus / productionImplication / evidence / aliases / audioStatus / frameworkEvolution / boundarySummary / previousTerm / canonicalRegistryId / structuralRole / claimEvidence / completionScope / contentRevision / checks / recognitionDelta / etymologicalGenesis / formalDefinitionSource / editorialReviewStatus / formulaStatus,"{""term"": ""Information Architecture"", ""jp"": ""情報構造"", ""layer"": ""Historical: E2 / L1"", ""frameworkStatus"": ""Alpha 6.0 Operational"", ""guidance"": ""作品が『何を、いつ、どれだけ、どの形で知らせるか』を見る。"", ""primer"": ""情報の多さだけでなく、知らせる内容とタイミングが理解にどう働くかを評価します。"", ""process"": ""提示・保留・再提示・誤認・背景情報の密度を追い、視聴者の理解モデルがどう更新されるかを見る。"", ""integration"": ""Narrative、Editing、Rewatch Densityと結びつき、情報量ではなく情報設計を評価する。"", ""formation"": ""視聴者の知識状態を時間的に制御する情報設計Element。"", ""publicDefinition"": ""視聴者の知識状態を時間的に制御する情報設計Element。 現行Alpha 6.0における正式名称・帰属の確認は別途必要。""}","{""term"": ""Information Architecture Index"", ""jp"": ""情報構造指数"", ""layer"": ""E2 / L1"", ""frameworkStatus"": ""Alpha 6.0 Core"", ""guidance"": ""作品が『何を、いつ、どれだけ、どの形で知らせるか』を見る。"", ""primer"": ""Illustrative Example：視聴者だけが手紙の存在を知り、人物は知らない。 この場合に何を区別でき、何はまだ言えないかを考える。"", ""process"": ""Operational Recognition Route：何を誰にいつ示すか記録 → 非提示・重複・遅延を区別 → 各時点で受け手が推測できる範囲を読む → 物語自体の関係と提示の設計を分ける。 以下は概念を見分けるための編集的手順で、実証済みの心理過程を示すものではない。"", ""integration"": ""E2はL1内45%のCore指標。E1と協働するが、情報配分と出来事の構成は異なる問い。謎が多いことと配分の適切さは同じではない。"", ""formation"": ""情報の選択・配置・開示が受け手の知識像をどう組織するかを扱う指標。隠す量でなく各時点の理解可能性を示す。"", ""publicDefinition"": ""情報の選択・配置・開示が受け手の知識像をどう組織するかを扱う指標。隠す量でなく各時点の理解可能性を示す。""}",PDFが正式名称・所属・明示比率を確定。一般的な説明と正式Index/Layerの役割を区別して再構成。,Anime:JudgementSystem.pdf p.1 + Work Prompt + v0.2 Public baseline,"2026-09-16 (receipt/inspection, not framework establishment)",Label/placement/explicit weights source-confirmed; concept-specific explanation editorial,v0.151 unchanged where present; full public v0.2 snapshot retained,Current name generated with Samantha; former name retained in Historical Pronunciation
concept-0008,Rename and retrofit,Editing Intelligence,Editing Intelligence Index,term / jp / category / status / layer / process / integration / formation / publicDefinition / ipa / primer / speechText / statuses / revision / provenance / relations / audio / group / frameworkStatus / frameworkIntroducedIn / frameworkRevisedIn / frameworkRole / operationalUse / evidenceStatus / productionImplication / evidence / aliases / audioStatus / frameworkEvolution / boundarySummary / previousTerm / canonicalRegistryId / structuralRole / claimEvidence / completionScope / contentRevision / checks / recognitionDelta / etymologicalGenesis / formalDefinitionSource / editorialReviewStatus / formulaStatus,"{""term"": ""Editing Intelligence"", ""jp"": ""編集知性"", ""layer"": ""Historical: E3 / L2"", ""frameworkStatus"": ""Alpha 6.0 Operational"", ""guidance"": ""編集を『切り方』ではなく、視聴者の理解を時間軸上で制御する知的設計として見る。"", ""primer"": ""ショットのつなぎ方や間が、視聴者の注意・予測・理解をどう動かすかを評価します。"", ""process"": ""ショット順、間、情報遅延、並列化、反復、視線誘導が認知にどう作用するかを追う。"", ""integration"": ""Temporal Audiovisual Languageの時間制御中枢。Information Architecture、Music、Visual Semanticsと強く相互作用する。"", ""formation"": ""時間的配置によって視聴者の注意・理解・予測を設計するElement。"", ""publicDefinition"": ""時間的配置によって視聴者の注意・理解・予測を設計するElement。 現行Alpha 6.0における正式名称・帰属の確認は別途必要。""}","{""term"": ""Editing Intelligence Index"", ""jp"": ""編集による認知制御力"", ""layer"": ""E3 / L2"", ""frameworkStatus"": ""Alpha 6.0 Core"", ""guidance"": ""編集を『切り方』ではなく、視聴者の理解を時間軸上で制御する知的設計として見る。"", ""primer"": ""Illustrative Example：答えを示す映像を一拍遅らせ、観客に先に推測させる。 この場合に何を区別でき、何はまだ言えないかを考える。"", ""process"": ""Operational Recognition Route：切替・持続・省略・順序を拾う → 操作の直前と直後の予測を比べる → 認知上の変化を特定 → 速さや派手さだけの効果を分ける。 以下は概念を見分けるための編集的手順で、実証済みの心理過程を示すものではない。"", ""integration"": ""E3はL2内60%のCore指標。正式日本語は編集による認知制御力。編集技術の熟練一般やカット数とは違い、理解の経路に対する働きを問う。"", ""formation"": ""編集の時間操作が注意・予測・理解の更新をどう制御するかを扱う指標。操作の種類と認知上の差を結び、速度で代用しない。"", ""publicDefinition"": ""編集の時間操作が注意・予測・理解の更新をどう制御するかを扱う指標。操作の種類と認知上の差を結び、速度で代用しない。""}",PDFが正式名称・所属・明示比率を確定。一般的な説明と正式Index/Layerの役割を区別して再構成。,Anime:JudgementSystem.pdf p.1 + Work Prompt + v0.2 Public baseline,"2026-09-16 (receipt/inspection, not framework establishment)",Label/placement/explicit weights source-confirmed; concept-specific explanation editorial,v0.151 unchanged where present; full public v0.2 snapshot retained,Current name generated with Samantha; former name retained in Historical Pronunciation
concept-0009,Rename and retrofit,Rewatch Information Density,Rewatch Information Density Index,term / jp / category / status / layer / process / integration / formation / publicDefinition / ipa / primer / speechText / statuses / revision / provenance / relations / audio / group / frameworkStatus / frameworkIntroducedIn / frameworkRevisedIn / frameworkRole / operationalUse / evidenceStatus / productionImplication / evidence / aliases / audioStatus / frameworkEvolution / boundarySummary / previousTerm / canonicalRegistryId / structuralRole / claimEvidence / completionScope / contentRevision / checks / recognitionDelta / etymologicalGenesis / formalDefinitionSource / editorialReviewStatus / formulaStatus,"{""term"": ""Rewatch Information Density"", ""jp"": ""再視聴情報密度"", ""layer"": ""Historical: E4 / L2"", ""frameworkStatus"": ""Alpha 6.0 Operational"", ""guidance"": ""二度目以降の視聴で新しい情報関係が見える度合いを見る。"", ""primer"": ""結末を知って見直したとき、以前の場面に新しい関係や意味が見えるかを評価します。"", ""process"": ""初見時に背景化していた情報が、結末や後続情報を得た後に再解釈されるかを確認する。"", ""integration"": ""Narrative、Information、Editing、Semantic Integrationが蓄積した潜在情報を再視聴で再活性化する。"", ""formation"": ""再視聴によって理解と意味が更新される情報密度を評価するElement。"", ""publicDefinition"": ""再視聴によって理解と意味が更新される情報密度を評価するElement。 現行Alpha 6.0における正式名称・帰属の確認は別途必要。""}","{""term"": ""Rewatch Information Density Index"", ""jp"": ""再視聴情報密度指数"", ""layer"": ""E4 / L2"", ""frameworkStatus"": ""Alpha 6.0 Core"", ""guidance"": ""二度目以降の視聴で新しい情報関係が見える度合いを見る。"", ""primer"": ""Illustrative Example：結末を知って見直すと、序盤の視線が別の人物を指していたと読める。 この場合に何を区別でき、何はまだ言えないかを考える。"", ""process"": ""Operational Recognition Route：初見時に利用した情報を記録 → 再視聴で新しく意味を得た手がかりを特定 → 既知の結末に依存する読みを分ける → 再生回数と再発見の関係を区別する。 以下は概念を見分けるための編集的手順で、実証済みの心理過程を示すものではない。"", ""integration"": ""E4はL2内40%。初見の後続情報で先行場面を更新するBackward Linkとは視聴条件が異なる。繰り返し見た事実や長さで密度を代用しない。"", ""formation"": ""再視聴により新たな情報関係が読める働きを扱う正式指標。初見中の更新と再視聴の再発見を分け、回数を得点に変えない。"", ""publicDefinition"": ""再視聴により新たな情報関係が読める働きを扱う正式指標。初見中の更新と再視聴の再発見を分け、回数を得点に変えない。""}",PDFが正式名称・所属・明示比率を確定。一般的な説明と正式Index/Layerの役割を区別して再構成。,Anime:JudgementSystem.pdf p.1 + Work Prompt + v0.2 Public baseline,"2026-09-16 (receipt/inspection, not framework establishment)",Label/placement/explicit weights source-confirmed; concept-specific explanation editorial,v0.151 unchanged where present; full public v0.2 snapshot retained,Current name generated with Samantha; former name retained in Historical Pronunciation
concept-0010,Rename and retrofit,Musical-Cognitive Integration,Musical-Cognitive Integration Index,term / jp / category / status / layer / process / integration / formation / publicDefinition / ipa / primer / speechText / statuses / revision / provenance / relations / audio / group / frameworkStatus / frameworkIntroducedIn / frameworkRevisedIn / frameworkRole / operationalUse / evidenceStatus / productionImplication / evidence / aliases / audioStatus / frameworkEvolution / boundarySummary / previousTerm / canonicalRegistryId / structuralRole / claimEvidence / completionScope / contentRevision / checks / recognitionDelta / etymologicalGenesis / formalDefinitionSource / editorialReviewStatus / formulaStatus,"{""term"": ""Musical-Cognitive Integration"", ""jp"": ""音楽・認知統合"", ""layer"": ""Historical: E5 / L3"", ""frameworkStatus"": ""Alpha 6.0 Operational"", ""guidance"": ""音楽が感情を飾るだけでなく、理解・記憶・予測をどう形成するかを見る。"", ""primer"": ""音楽の反復や無音が、人物の理解・記憶・予測に参加しているかを評価します。"", ""process"": ""主題、反復、音色、無音、タイミングが人物・場所・出来事の認識と結びつく過程を追う。"", ""integration"": ""Empathy、Editing、Temporal Audio Language Spaceと結びつき、情動と認知を同時に制御する。"", ""formation"": ""音楽を、情動だけでなく認知形成に参加する時間的意味装置として評価するElement。"", ""publicDefinition"": ""音楽を、情動だけでなく認知形成に参加する時間的意味装置として評価するElement。 現行Alpha 6.0における正式名称・帰属の確認は別途必要。""}","{""term"": ""Musical-Cognitive Integration Index"", ""jp"": ""音楽統合指数+認知統合指数"", ""layer"": ""E5 / L3"", ""frameworkStatus"": ""Alpha 6.0 Core"", ""guidance"": ""音楽が感情を飾るだけでなく、理解・記憶・予測をどう形成するかを見る。"", ""primer"": ""Illustrative Example：同じ旋律の変化により、人物の関係が変わったと分かる。 この場合に何を区別でき、何はまだ言えないかを考える。"", ""process"": ""Operational Recognition Route：音楽の反復・変化・入り方を記録 → 注意・予測・人物理解と対応づける → 情動の増幅だけの箇所を区別 → 他要素と結ばれて生まれる読みを示す。 以下は概念を見分けるための編集的手順で、実証済みの心理過程を示すものではない。"", ""integration"": ""E5はL3内40%の一指標。日本語の音楽統合指数+認知統合指数は二指標への分割を意味しない。美しい曲、強い感情、音響一般のE7と分ける。"", ""formation"": ""音楽が認知と結びついて共感・情動の構成を支える働きを扱う一つの正式指標。音楽の好みや感動の強さだけで判断しない。"", ""publicDefinition"": ""音楽が認知と結びついて共感・情動の構成を支える働きを扱う一つの正式指標。音楽の好みや感動の強さだけで判断しない。""}",PDFが正式名称・所属・明示比率を確定。一般的な説明と正式Index/Layerの役割を区別して再構成。,Anime:JudgementSystem.pdf p.1 + Work Prompt + v0.2 Public baseline,"2026-09-16 (receipt/inspection, not framework establishment)",Label/placement/explicit weights source-confirmed; concept-specific explanation editorial,v0.151 unchanged where present; full public v0.2 snapshot retained,Current name generated with Samantha; former name retained in Historical Pronunciation
concept-0011,Rename and retrofit,Empathic Network Complexity,Multi-Perspectival Empathic Network Complexity Index,term / jp / category / status / layer / process / integration / formation / publicDefinition / ipa / primer / speechText / statuses / revision / provenance / relations / audio / group / frameworkStatus / frameworkIntroducedIn / frameworkRevisedIn / frameworkRole / operationalUse / evidenceStatus / productionImplication / evidence / aliases / audioStatus / frameworkEvolution / boundarySummary / previousTerm / canonicalRegistryId / structuralRole / claimEvidence / completionScope / contentRevision / checks / recognitionDelta / etymologicalGenesis / formalDefinitionSource / editorialReviewStatus / formulaStatus,"{""term"": ""Empathic Network Complexity"", ""jp"": ""多視点共感ネットワーク複雑性"", ""layer"": ""Historical: E6 / L3"", ""frameworkStatus"": ""Alpha 6.0 Operational"", ""guidance"": ""主人公への共感の強さではなく、複数人物の視点をどれだけ内側から理解させるかを見る。"", ""primer"": ""一人への感情移入を超え、対立する人物の立場を行き来できるかを評価します。"", ""process"": ""自己視点を離れ、異なる人物の情報・価値・制約を取得し、人物間の認知位置を切り替える。"", ""integration"": ""Perspective Taking、Narrative、Music、Semantic Integrationを介し、単一主人公型から多視点ネットワーク型へ拡張する。"", ""formation"": ""複数人物の内的世界を相互参照可能なネットワークとして理解させるElement。"", ""publicDefinition"": ""複数人物の内的世界を相互参照可能なネットワークとして理解させるElement。 現行Alpha 6.0における正式名称・帰属の確認は別途必要。""}","{""term"": ""Multi-Perspectival Empathic Network Complexity Index"", ""jp"": ""多視点共感ネットワーク複雑性指数"", ""layer"": ""E6 / L3"", ""frameworkStatus"": ""Alpha 6.0 Core"", ""guidance"": ""主人公への共感の強さではなく、複数人物の視点をどれだけ内側から理解させるかを見る。"", ""primer"": ""Illustrative Example：対立する三人の事情が分かるが、互いには理解されていない。 この場合に何を区別でき、何はまだ言えないかを考える。"", ""process"": ""Operational Recognition Route：各視点で知る情報と感情の条件を分ける → 視点間の相互理解・誤解を結ぶ → 観客が同時に保持する関係を記述 → 人数の多さと共感ネットワークの複雑性を分ける。 以下は概念を見分けるための編集的手順で、実証済みの心理過程を示すものではない。"", ""integration"": ""E6はL3内60%。Multi-Perspectivalが正式名の必須部分。E1の人物配置と協働するが、ここでは複数視点からの共感関係が問いであり、全員への同意を要求しない。"", ""formation"": ""複数の視点の共感関係がどのように接続・衝突するかを扱う正式指標。登場人物数や一人への強い共感をネットワーク複雑性の代用にしない。"", ""publicDefinition"": ""複数の視点の共感関係がどのように接続・衝突するかを扱う正式指標。登場人物数や一人への強い共感をネットワーク複雑性の代用にしない。""}",PDFが正式名称・所属・明示比率を確定。Multi-Perspectivalを正式名へ追加し、視点関係の範囲を明示。,Anime:JudgementSystem.pdf p.1 + Work Prompt + v0.2 Public baseline,"2026-09-16 (receipt/inspection, not framework establishment)",Label/placement/explicit weights source-confirmed; concept-specific explanation editorial,v0.151 unchanged where present; full public v0.2 snapshot retained,Current name generated with Samantha; former name retained in Historical Pronunciation
concept-0012,Affected historical / interface retrofit,Visual Semantics,Visual Semantics,process / integration / formation / publicDefinition / primer / revision / provenance / relations / frameworkRole / operationalUse / conceptBoundary / primaryContrasts / productionImplication / currentExactLabel / frameworkEvolution / boundarySummary / completionScope / contentRevision / claimEvidence / checks / recognitionDelta / etymologicalGenesis / editorialReviewStatus / formulaStatus,"{""term"": ""Visual Semantics"", ""jp"": ""視覚意味論"", ""layer"": ""Historical: E7 / L4"", ""frameworkStatus"": ""Historical / Retained"", ""guidance"": ""画面に『何があるか』ではなく、それが何を意味として運ぶかを見る。"", ""primer"": ""場所・色・衣装・構図など、画面にあるものが意味を運ぶ働きを評価します。"", ""process"": ""色、構図、建築、衣装、身体、物体、空間、反復モチーフから意味関係を抽出する。"", ""integration"": ""Location Semantics、Found Semantic Compression、Narrative、Empathyと接続し、視覚を情報以上の意味担体として扱う。"", ""formation"": ""映像内の空間・物体・構図が、説明を超えて意味を伝達する能力を評価するElement。"", ""publicDefinition"": ""映像内の空間・物体・構図が、説明を超えて意味を伝達する能力を評価するElement。 これは旧E7の視覚中心の範囲。現行E7のAudio+Visual Semantics Indexとは区別する。""}","{""term"": ""Visual Semantics"", ""jp"": ""視覚意味論"", ""layer"": ""Historical: E7 / L4"", ""frameworkStatus"": ""Historical / Retained"", ""guidance"": ""画面に『何があるか』ではなく、それが何を意味として運ぶかを見る。"", ""primer"": ""Illustrative Example：閉じた扉の構図が人物の隔たりを示す。 この場合に何を区別でき、何はまだ言えないかを考える。"", ""process"": ""Operational Recognition Route：画面内の物・色・構図を特定 → その視覚的配置が文脈で運ぶ意味を読む → 音響が変える読みを別に記録 → 視覚の概念と現行E7全体を分ける。 以下は概念を見分けるための編集的手順で、実証済みの心理過程を示すものではない。"", ""integration"": ""旧E7としての履歴を保持する既存概念。現行のAudio+Visual Semantics Indexは音響も含むため同義ではない。局所の意味作用とE8の全体統合も区別する。"", ""formation"": ""視覚的手がかりの意味作用を読む概念。旧E7の履歴は残すが、音響を含む現行E7全体の別名や唯一の構成要素とは扱わない。"", ""publicDefinition"": ""視覚的手がかりの意味作用を読む概念。旧E7の履歴は残すが、音響を含む現行E7全体の別名や唯一の構成要素とは扱わない。""}",現行E7が音響も含むため、旧E7の履歴・視覚概念と新しい正式範囲を分離。,Anime:JudgementSystem.pdf p.1 + Work Prompt + v0.2 Public baseline,"2026-09-16 (receipt/inspection, not framework establishment)",Editorial / retained public proposal,v0.151 unchanged where present; full public v0.2 snapshot retained,Preserved exact object/base64
concept-0013,Rename and retrofit,Semantic Integration,Semantic Integration Index,term / jp / category / status / layer / process / integration / formation / publicDefinition / ipa / primer / speechText / statuses / revision / provenance / relations / audio / group / frameworkStatus / frameworkIntroducedIn / frameworkRevisedIn / frameworkRole / operationalUse / evidenceStatus / conceptBoundary / primaryContrasts / productionImplication / evidence / aliases / audioStatus / frameworkEvolution / boundarySummary / previousTerm / canonicalRegistryId / structuralRole / claimEvidence / completionScope / contentRevision / checks / recognitionDelta / etymologicalGenesis / formalDefinitionSource / editorialReviewStatus / formulaStatus,"{""term"": ""Semantic Integration"", ""jp"": ""意味統合"", ""layer"": ""Historical: E8 / L4"", ""frameworkStatus"": ""Alpha 6.0 Operational"", ""guidance"": ""個別要素の良さではなく、それらが一つの意味Architectureとして相互作用しているかを見る。"", ""primer"": ""物語・映像・音楽・共感などが、別々に良いだけでなく、一つの意味構造として働いているかを見るConceptです。"", ""process"": ""Narrative、Information、Editing、Empathy、Music、Visualを別々に評価した後、それらの結合で新しい意味が生まれるかを検証する。"", ""integration"": ""旧版（Historical Alpha 5.12）のArchitecture判定中心。Element Excellence ≠ Architectural Sophistication を区別する。"", ""formation"": ""複数Elementの相互作用によって、単独要素では生じない意味を生成する能力。"", ""publicDefinition"": ""複数Elementの相互作用によって、単独要素では生じない意味を生成する能力。 現行Alpha 6.0における正式名称・帰属の確認は別途必要。""}","{""term"": ""Semantic Integration Index"", ""jp"": ""意味統合指数"", ""layer"": ""E8 / L4"", ""frameworkStatus"": ""Alpha 6.0 Core"", ""guidance"": ""個別要素の良さではなく、それらが一つの意味Architectureとして相互作用しているかを見る。"", ""primer"": ""Illustrative Example：明るい音楽と悲しい映像の食い違いが、人物の自己欺瞞として読める。 この場合に何を区別でき、何はまだ言えないかを考える。"", ""process"": ""Operational Recognition Route：意味を担う要素を分ける → 要素同士が補強・補完・緊張する関係を示す → 組合せから生じる全体の読みを述べる → 並存や一律一致と統合を分ける。 以下は概念を見分けるための編集的手順で、実証済みの心理過程を示すものではない。"", ""integration"": ""E8はL4内60%。E7が音映像の意味作用を扱い、E8は意味関係の統合を問う。Integratorは作品内で割り当てる機能であり正式指標と同じ属性ではない。"", ""formation"": ""複数の意味作用が全体の読みへどのようにつながるかを扱う正式指標。矛盾を含む関係形成も認め、要素の数や一致で代用しない。"", ""publicDefinition"": ""複数の意味作用が全体の読みへどのようにつながるかを扱う正式指標。矛盾を含む関係形成も認め、要素の数や一致で代用しない。""}",PDFが正式名称・所属・明示比率を確定。一般的な説明と正式Index/Layerの役割を区別して再構成。,Anime:JudgementSystem.pdf p.1 + Work Prompt + v0.2 Public baseline,"2026-09-16 (receipt/inspection, not framework establishment)",Label/placement/explicit weights source-confirmed; concept-specific explanation editorial,v0.151 unchanged where present; full public v0.2 snapshot retained,Current name generated with Samantha; former name retained in Historical Pronunciation
concept-0014,Affected historical / interface retrofit,Cognitive Plasticity Index,Cognitive Plasticity Index,layer / process / integration / formation / publicDefinition / primer / revision / provenance / relations / frameworkStatus / frameworkRole / operationalUse / conceptBoundary / primaryContrasts / productionImplication / frameworkEvolution / boundarySummary / completionScope / contentRevision / claimEvidence / checks / recognitionDelta / etymologicalGenesis / editorialReviewStatus / formulaStatus,"{""term"": ""Cognitive Plasticity Index"", ""jp"": ""認知可塑性指数"", ""layer"": ""Layer 0 / Outcome"", ""frameworkStatus"": ""Alpha 6.0 Operational"", ""guidance"": ""作品が視聴者の『見方そのもの』を書き換える度合いを見る。"", ""primer"": ""作品を見る前と後で、物事の区別や関係の捉え方が変わるかを検討します。"", ""process"": ""既存認識に新しい区別・比較・因果モデルが入り、視聴後に世界の捉え方が変化するかを確認する。"", ""integration"": ""4 Layersの結果を横断して生じるOutcome。単純な面白さや知識量とは別。"", ""formation"": ""作品経験によって、視聴者の認識構造がどの程度再編成されるかを測る横断指標。"", ""publicDefinition"": ""旧版（Historical Alpha 5.12）の補助的Layer 0 / Outcome指標として運用。""}","{""term"": ""Cognitive Plasticity Index"", ""jp"": ""認知可塑性指数"", ""layer"": ""Historical Role Retained: Layer 0 / Outcome"", ""frameworkStatus"": ""Current Mapping Not Specified"", ""guidance"": ""作品が視聴者の『見方そのもの』を書き換える度合いを見る。"", ""primer"": ""Illustrative Example：旧分析にCPIの記録があり、新PDFにはCTIがある。 この場合に何を区別でき、何はまだ言えないかを考える。"", ""process"": ""Operational Recognition Route：旧版で想定した認識の再編成を読む → 視聴前後の区別やモデルの違いを記録 → 今回のCTIの正式配置と照合 → 対応が資料にない部分を未確定として残す。 以下は概念を見分けるための編集的手順で、実証済みの心理過程を示すものではない。"", ""integration"": ""旧Layer 0 / Outcomeとしての定義とIDを保持する。今回のPDFはCTIを独立成果指標として示すが、CPIの改名・廃止・統合を述べない。TCCも別の候補である。"", ""formation"": ""旧版で認識構造の再編成を扱った補助概念。現在のCTIとの関係を未規定のまま明示し、近い説明だけで同一尺度や改名と判断しない。"", ""publicDefinition"": ""旧版で認識構造の再編成を扱った補助概念。現在のCTIとの関係を未規定のまま明示し、近い説明だけで同一尺度や改名と判断しない。""}",CTIが正式Outcomeとして確認されたため、旧CPIの定義・IDを保存し、対応未規定を明記。,Anime:JudgementSystem.pdf p.1 + Work Prompt + v0.2 Public baseline,"2026-09-16 (receipt/inspection, not framework establishment)",Editorial / retained public proposal,v0.151 unchanged where present; full public v0.2 snapshot retained,Preserved exact object/base64
concept-0015,Retained after audit,+ Architecture,+ Architecture,relations / productionImplication / completionScope / contentRevision / claimEvidence / editorialReviewStatus / formulaStatus,"{""term"": ""+ Architecture"", ""jp"": ""集積型アーキテクチャ"", ""layer"": ""Cross-Layer"", ""frameworkStatus"": ""Diagnostic"", ""guidance"": ""優れた要素が『並んでいる』状態として見る。"", ""primer"": ""物語も音楽も映像も良いが、主にそれぞれが独立して働いている構造を捉えます。"", ""process"": ""Narrative、Music、Visual等がそれぞれ機能していても、互いの意味を変換していない場合を識別する。"", ""integration"": ""Semantic Accumulation。高品質な各要素の存在と、Architecture Sophisticationを区別するための診断概念。"", ""formation"": ""複数の高度な要素が並存・蓄積しているが、相互作用による新しい意味生成が限定的な構造。"", ""publicDefinition"": ""Visual Grammarの + = Accumulation をArchitecture評価に適用した横断診断。""}","{""term"": ""+ Architecture"", ""jp"": ""集積型アーキテクチャ"", ""layer"": ""Cross-Layer"", ""frameworkStatus"": ""Diagnostic"", ""guidance"": ""優れた要素が『並んでいる』状態として見る。"", ""primer"": ""物語も音楽も映像も良いが、主にそれぞれが独立して働いている構造を捉えます。"", ""process"": ""Narrative、Music、Visual等がそれぞれ機能していても、互いの意味を変換していない場合を識別する。"", ""integration"": ""Semantic Accumulation。高品質な各要素の存在と、Architecture Sophisticationを区別するための診断概念。"", ""formation"": ""複数の高度な要素が並存・蓄積しているが、相互作用による新しい意味生成が限定的な構造。"", ""publicDefinition"": ""Visual Grammarの + = Accumulation をArchitecture評価に適用した横断診断。""}",既存5段階を保持。今回の変更は共有Methodologyの分離・参照ラベル等の整合のみ。,Anime:JudgementSystem.pdf p.1 + Work Prompt + v0.2 Public baseline,"2026-09-16 (receipt/inspection, not framework establishment)",Editorial / retained public proposal,v0.151 unchanged where present; full public v0.2 snapshot retained,Preserved exact object/base64
concept-0016,Retained after audit,× Architecture,× Architecture,relations / productionImplication / completionScope / contentRevision / claimEvidence / editorialReviewStatus / formulaStatus,"{""term"": ""× Architecture"", ""jp"": ""相互作用型アーキテクチャ"", ""layer"": ""Cross-Layer"", ""frameworkStatus"": ""Diagnostic"", ""guidance"": ""要素同士の組み合わせで、単独では存在しない機能が生まれる状態として見る。"", ""primer"": ""音楽と映像などが結びつき、片方だけでは得られない働きが生まれる構造を捉えます。"", ""process"": ""AとBを別々に評価した後、AがBの意味を変え、BもAの意味を変える相互作用を確認する。"", ""integration"": ""Semantic Interaction。Architecture Sophisticationの中心診断であり、E8 Semantic Integrationと強く接続。"", ""formation"": ""複数Elementが相互に意味を変換し、単独要素の総和を超える機能を生む構造。"", ""publicDefinition"": ""Visual Grammarの × = Interaction をArchitecture評価に適用した横断診断。""}","{""term"": ""× Architecture"", ""jp"": ""相互作用型アーキテクチャ"", ""layer"": ""Cross-Layer"", ""frameworkStatus"": ""Diagnostic"", ""guidance"": ""要素同士の組み合わせで、単独では存在しない機能が生まれる状態として見る。"", ""primer"": ""音楽と映像などが結びつき、片方だけでは得られない働きが生まれる構造を捉えます。"", ""process"": ""AとBを別々に評価した後、AがBの意味を変え、BもAの意味を変える相互作用を確認する。"", ""integration"": ""Semantic Interaction。Architecture Sophisticationの中心診断であり、E8 Semantic Integrationと強く接続。"", ""formation"": ""複数Elementが相互に意味を変換し、単独要素の総和を超える機能を生む構造。"", ""publicDefinition"": ""Visual Grammarの × = Interaction をArchitecture評価に適用した横断診断。""}",既存5段階を保持。今回の変更は共有Methodologyの分離・参照ラベル等の整合のみ。,Anime:JudgementSystem.pdf p.1 + Work Prompt + v0.2 Public baseline,"2026-09-16 (receipt/inspection, not framework establishment)",Editorial / retained public proposal,v0.151 unchanged where present; full public v0.2 snapshot retained,Preserved exact object/base64
concept-0017,Retained after audit,Semantic Accumulation,Semantic Accumulation,productionImplication / completionScope / contentRevision / claimEvidence / editorialReviewStatus / formulaStatus,"{""term"": ""Semantic Accumulation"", ""jp"": ""意味集積"", ""layer"": ""Cross-Layer"", ""frameworkStatus"": ""Alpha 6.0 Operational"", ""guidance"": ""意味要素が並存し、蓄積していく状態。"", ""primer"": ""複数の意味要素が足し重ねられる状態を、相互作用による意味生成と区別します。"", ""process"": ""複数要素を足し合わせ、まだ相互変換が起きていないことを意識する。"", ""integration"": ""+ 記号の固定意味。Visual Language文書全体で統一運用。"", ""formation"": ""意味要素が互いを変換せず、並存・蓄積する状態。"", ""publicDefinition"": ""Visual Language演算子 + の固定意味。""}","{""term"": ""Semantic Accumulation"", ""jp"": ""意味集積"", ""layer"": ""Cross-Layer"", ""frameworkStatus"": ""Alpha 6.0 Operational"", ""guidance"": ""意味要素が並存し、蓄積していく状態。"", ""primer"": ""複数の意味要素が足し重ねられる状態を、相互作用による意味生成と区別します。"", ""process"": ""複数要素を足し合わせ、まだ相互変換が起きていないことを意識する。"", ""integration"": ""+ 記号の固定意味。Visual Language文書全体で統一運用。"", ""formation"": ""意味要素が互いを変換せず、並存・蓄積する状態。"", ""publicDefinition"": ""Visual Language演算子 + の固定意味。""}",既存5段階を保持。今回の変更は共有Methodologyの分離・参照ラベル等の整合のみ。,Anime:JudgementSystem.pdf p.1 + Work Prompt + v0.2 Public baseline,"2026-09-16 (receipt/inspection, not framework establishment)",Editorial / retained public proposal,v0.151 unchanged where present; full public v0.2 snapshot retained,Preserved exact object/base64
concept-0018,Retained after audit,Reduction or Suppression,Reduction or Suppression,productionImplication / completionScope / contentRevision / claimEvidence / editorialReviewStatus / formulaStatus,"{""term"": ""Reduction or Suppression"", ""jp"": ""除去・抑制・欠損"", ""layer"": ""Cross-Layer"", ""frameworkStatus"": ""Alpha 6.0 Operational"", ""guidance"": ""何かが減る、抑えられる、欠けることを明示する。"", ""primer"": ""分析図の「−」が、減少・抑制・欠落のどれを示すのかを明確にするための語です。"", ""process"": ""情報や機能が単に存在しないのか、意図的に抑制されたのかを区別する。"", ""integration"": ""− 記号の固定意味。加算・相互作用・変換とは別の作用として表現。"", ""formation"": ""構造内の要素・情報・機能が除去、抑制、欠損する作用。"", ""publicDefinition"": ""Visual Language演算子 − の固定意味。""}","{""term"": ""Reduction or Suppression"", ""jp"": ""除去・抑制・欠損"", ""layer"": ""Cross-Layer"", ""frameworkStatus"": ""Alpha 6.0 Operational"", ""guidance"": ""何かが減る、抑えられる、欠けることを明示する。"", ""primer"": ""分析図の「−」が、減少・抑制・欠落のどれを示すのかを明確にするための語です。"", ""process"": ""情報や機能が単に存在しないのか、意図的に抑制されたのかを区別する。"", ""integration"": ""− 記号の固定意味。加算・相互作用・変換とは別の作用として表現。"", ""formation"": ""構造内の要素・情報・機能が除去、抑制、欠損する作用。"", ""publicDefinition"": ""Visual Language演算子 − の固定意味。""}",既存5段階を保持。今回の変更は共有Methodologyの分離・参照ラベル等の整合のみ。,Anime:JudgementSystem.pdf p.1 + Work Prompt + v0.2 Public baseline,"2026-09-16 (receipt/inspection, not framework establishment)",Editorial / retained public proposal,v0.151 unchanged where present; full public v0.2 snapshot retained,Preserved exact object/base64
concept-0019,Retained after audit,Semantic Interaction,Semantic Interaction,relations / productionImplication / completionScope / contentRevision / claimEvidence / editorialReviewStatus / formulaStatus,"{""term"": ""Semantic Interaction"", ""jp"": ""意味相互作用"", ""layer"": ""Cross-Layer"", ""frameworkStatus"": ""Alpha 6.0 Operational"", ""guidance"": ""組み合わせによって単独では存在しない意味が生まれることを見る。"", ""primer"": ""二つ以上の表現要素を組み合わせたときに、新しい意味が生まれる関係を扱います。"", ""process"": ""AとBの関係が双方向に意味を変えるかを確認する。"", ""integration"": ""× 記号の固定意味。Semantic Integrationの最小操作単位。"", ""formation"": ""複数の意味要素が相互に作用し、新しい機能や意味を創発する状態。"", ""publicDefinition"": ""Visual Language演算子 × の固定意味。""}","{""term"": ""Semantic Interaction"", ""jp"": ""意味相互作用"", ""layer"": ""Cross-Layer"", ""frameworkStatus"": ""Alpha 6.0 Operational"", ""guidance"": ""組み合わせによって単独では存在しない意味が生まれることを見る。"", ""primer"": ""二つ以上の表現要素を組み合わせたときに、新しい意味が生まれる関係を扱います。"", ""process"": ""AとBの関係が双方向に意味を変えるかを確認する。"", ""integration"": ""× 記号の固定意味。Semantic Integrationの最小操作単位。"", ""formation"": ""複数の意味要素が相互に作用し、新しい機能や意味を創発する状態。"", ""publicDefinition"": ""Visual Language演算子 × の固定意味。""}",既存5段階を保持。今回の変更は共有Methodologyの分離・参照ラベル等の整合のみ。,Anime:JudgementSystem.pdf p.1 + Work Prompt + v0.2 Public baseline,"2026-09-16 (receipt/inspection, not framework establishment)",Editorial / retained public proposal,v0.151 unchanged where present; full public v0.2 snapshot retained,Preserved exact object/base64
concept-0020,Retained after audit,Transformation,Transformation,productionImplication / completionScope / contentRevision / claimEvidence / editorialReviewStatus / formulaStatus,"{""term"": ""Transformation"", ""jp"": ""変換・推移"", ""layer"": ""Cross-Layer"", ""frameworkStatus"": ""Alpha 6.0 Operational"", ""guidance"": ""ある状態が時間的・因果的・認知的に次の状態へ移ることを見る。"", ""primer"": ""分析図の矢印が示す、時間や認知に沿った状態の変化を扱います。"", ""process"": ""入力と出力の間に何が変わったのかを追う。"", ""integration"": ""▶︎ 記号の固定意味。因果鎖・認知変化・時間変化の表示に使用。"", ""formation"": ""要素・状態・認識が、時間・因果・認知操作を通じて次の状態へ移る作用。"", ""publicDefinition"": ""Visual Language演算子 ▶︎ の固定意味。""}","{""term"": ""Transformation"", ""jp"": ""変換・推移"", ""layer"": ""Cross-Layer"", ""frameworkStatus"": ""Alpha 6.0 Operational"", ""guidance"": ""ある状態が時間的・因果的・認知的に次の状態へ移ることを見る。"", ""primer"": ""分析図の矢印が示す、時間や認知に沿った状態の変化を扱います。"", ""process"": ""入力と出力の間に何が変わったのかを追う。"", ""integration"": ""▶︎ 記号の固定意味。因果鎖・認知変化・時間変化の表示に使用。"", ""formation"": ""要素・状態・認識が、時間・因果・認知操作を通じて次の状態へ移る作用。"", ""publicDefinition"": ""Visual Language演算子 ▶︎ の固定意味。""}",既存5段階を保持。今回の変更は共有Methodologyの分離・参照ラベル等の整合のみ。,Anime:JudgementSystem.pdf p.1 + Work Prompt + v0.2 Public baseline,"2026-09-16 (receipt/inspection, not framework establishment)",Editorial / retained public proposal,v0.151 unchanged where present; full public v0.2 snapshot retained,Preserved exact object/base64
concept-0021,Retained after audit,Location Semantics,Location Semantics,productionImplication / completionScope / contentRevision / claimEvidence / editorialReviewStatus / formulaStatus,"{""term"": ""Location Semantics"", ""jp"": ""場所意味論"", ""layer"": ""E7 × E8"", ""frameworkStatus"": ""Alpha 6.0 Operational"", ""guidance"": ""場所を背景ではなく、意味を運ぶ構造として見る。"", ""primer"": ""舞台となる場所が、背景を超えて物語や意味を担う働きを扱います。"", ""process"": ""建築、歴史、階級、文化、人物、出来事が場所にどの程度埋め込まれているかを読む。"", ""integration"": ""Visual SemanticsとSemantic Integrationの間を接続し、Found Semantic CompressionやCultural Smellへ展開する。"", ""formation"": ""ロケーションが物語・文化・歴史・認知を担う意味装置として機能する度合い。"", ""publicDefinition"": ""E7 Visual Semantics / E8 Semantic Integrationを補助する場所分析概念。""}","{""term"": ""Location Semantics"", ""jp"": ""場所意味論"", ""layer"": ""E7 × E8"", ""frameworkStatus"": ""Alpha 6.0 Operational"", ""guidance"": ""場所を背景ではなく、意味を運ぶ構造として見る。"", ""primer"": ""舞台となる場所が、背景を超えて物語や意味を担う働きを扱います。"", ""process"": ""建築、歴史、階級、文化、人物、出来事が場所にどの程度埋め込まれているかを読む。"", ""integration"": ""Visual SemanticsとSemantic Integrationの間を接続し、Found Semantic CompressionやCultural Smellへ展開する。"", ""formation"": ""ロケーションが物語・文化・歴史・認知を担う意味装置として機能する度合い。"", ""publicDefinition"": ""E7 Visual Semantics / E8 Semantic Integrationを補助する場所分析概念。""}",既存5段階を保持。今回の変更は共有Methodologyの分離・参照ラベル等の整合のみ。,Anime:JudgementSystem.pdf p.1 + Work Prompt + v0.2 Public baseline,"2026-09-16 (receipt/inspection, not framework establishment)",Editorial / retained public proposal,v0.151 unchanged where present; full public v0.2 snapshot retained,Preserved exact object/base64
concept-0022,Retained after audit,Found Semantic Compression,Found Semantic Compression,productionImplication / completionScope / contentRevision / claimEvidence / editorialReviewStatus / formulaStatus,"{""term"": ""Found Semantic Compression"", ""jp"": ""発見された意味圧縮"", ""layer"": ""E7 × E8"", ""frameworkStatus"": ""Alpha 6.0 Operational"", ""guidance"": ""現実空間にすでに蓄積された意味を、作品が『発見して使う』こととして見る。"", ""primer"": ""現実の建築や街に蓄積された歴史・文化を、作品が映像内の意味として利用する場合を扱います。"", ""process"": ""場所や物が持つ歴史・階級・文化・時間の情報を認識し、それが説明なしに映像へ圧縮される過程を読む。"", ""integration"": ""Location Semantics、Visual Semantics、Historical Context、Cultural Memoryが重なる。新しく意味を作るというより、現実にある意味密度を選択し映像言語化する。"", ""formation"": ""現実に蓄積された意味構造を発見し、それを映像言語へ圧縮変換する機構。"", ""publicDefinition"": ""現実の場所・建築・物体が既に保持する意味密度を作品が選択利用する、Visual Semanticsの補助概念。""}","{""term"": ""Found Semantic Compression"", ""jp"": ""発見された意味圧縮"", ""layer"": ""E7 × E8"", ""frameworkStatus"": ""Alpha 6.0 Operational"", ""guidance"": ""現実空間にすでに蓄積された意味を、作品が『発見して使う』こととして見る。"", ""primer"": ""現実の建築や街に蓄積された歴史・文化を、作品が映像内の意味として利用する場合を扱います。"", ""process"": ""場所や物が持つ歴史・階級・文化・時間の情報を認識し、それが説明なしに映像へ圧縮される過程を読む。"", ""integration"": ""Location Semantics、Visual Semantics、Historical Context、Cultural Memoryが重なる。新しく意味を作るというより、現実にある意味密度を選択し映像言語化する。"", ""formation"": ""現実に蓄積された意味構造を発見し、それを映像言語へ圧縮変換する機構。"", ""publicDefinition"": ""現実の場所・建築・物体が既に保持する意味密度を作品が選択利用する、Visual Semanticsの補助概念。""}",既存5段階を保持。今回の変更は共有Methodologyの分離・参照ラベル等の整合のみ。,Anime:JudgementSystem.pdf p.1 + Work Prompt + v0.2 Public baseline,"2026-09-16 (receipt/inspection, not framework establishment)",Editorial / retained public proposal,v0.151 unchanged where present; full public v0.2 snapshot retained,Preserved exact object/base64
concept-0023,Retained after audit,Symbolic Location,Symbolic Location,productionImplication / completionScope / contentRevision / claimEvidence / editorialReviewStatus / formulaStatus,"{""term"": ""Symbolic Location"", ""jp"": ""象徴的場所"", ""layer"": ""Level 1"", ""frameworkStatus"": ""Diagnostic"", ""guidance"": ""場所が一つの分かりやすい記号として機能する段階。"", ""primer"": ""Location SemanticsのLevel 1。場所が、意味をすぐに連想できる記号として働く場合です。"", ""process"": ""場所を見て、都市・国家・権力・学校など一義的な象徴を読み取る。"", ""integration"": ""Location Semanticsの最初の段階。意味はあるが認知変換は限定的。"", ""formation"": ""場所が象徴記号として直接的な意味を伝える段階。"", ""publicDefinition"": ""Location Semantics Level 1。""}","{""term"": ""Symbolic Location"", ""jp"": ""象徴的場所"", ""layer"": ""Level 1"", ""frameworkStatus"": ""Diagnostic"", ""guidance"": ""場所が一つの分かりやすい記号として機能する段階。"", ""primer"": ""Location SemanticsのLevel 1。場所が、意味をすぐに連想できる記号として働く場合です。"", ""process"": ""場所を見て、都市・国家・権力・学校など一義的な象徴を読み取る。"", ""integration"": ""Location Semanticsの最初の段階。意味はあるが認知変換は限定的。"", ""formation"": ""場所が象徴記号として直接的な意味を伝える段階。"", ""publicDefinition"": ""Location Semantics Level 1。""}",既存5段階を保持。今回の変更は共有Methodologyの分離・参照ラベル等の整合のみ。,Anime:JudgementSystem.pdf p.1 + Work Prompt + v0.2 Public baseline,"2026-09-16 (receipt/inspection, not framework establishment)",Editorial / retained public proposal,v0.151 unchanged where present; full public v0.2 snapshot retained,Preserved exact object/base64
concept-0024,Retained after audit,Atmospheric Location,Atmospheric Location,productionImplication / completionScope / contentRevision / claimEvidence / editorialReviewStatus / formulaStatus,"{""term"": ""Atmospheric Location"", ""jp"": ""雰囲気形成場所"", ""layer"": ""Level 2"", ""frameworkStatus"": ""Diagnostic"", ""guidance"": ""場所が作品の空気・時代感・感情を形成する段階。"", ""primer"": ""Location SemanticsのLevel 2。場所が、雰囲気や時代感を伝える場合です。"", ""process"": ""光、質感、建築、天候、音響などから説明以前の雰囲気を受け取る。"", ""integration"": ""Symbolic Locationを超え、情動・時代感との接続が生まれる。"", ""formation"": ""場所が雰囲気と感情的文脈を持続的に形成する段階。"", ""publicDefinition"": ""Location Semantics Level 2。""}","{""term"": ""Atmospheric Location"", ""jp"": ""雰囲気形成場所"", ""layer"": ""Level 2"", ""frameworkStatus"": ""Diagnostic"", ""guidance"": ""場所が作品の空気・時代感・感情を形成する段階。"", ""primer"": ""Location SemanticsのLevel 2。場所が、雰囲気や時代感を伝える場合です。"", ""process"": ""光、質感、建築、天候、音響などから説明以前の雰囲気を受け取る。"", ""integration"": ""Symbolic Locationを超え、情動・時代感との接続が生まれる。"", ""formation"": ""場所が雰囲気と感情的文脈を持続的に形成する段階。"", ""publicDefinition"": ""Location Semantics Level 2。""}",既存5段階を保持。今回の変更は共有Methodologyの分離・参照ラベル等の整合のみ。,Anime:JudgementSystem.pdf p.1 + Work Prompt + v0.2 Public baseline,"2026-09-16 (receipt/inspection, not framework establishment)",Editorial / retained public proposal,v0.151 unchanged where present; full public v0.2 snapshot retained,Preserved exact object/base64
concept-0025,Retained after audit,Narrative Location,Narrative Location,relations / productionImplication / completionScope / contentRevision / claimEvidence / editorialReviewStatus / formulaStatus,"{""term"": ""Narrative Location"", ""jp"": ""物語機能場所"", ""layer"": ""Level 3"", ""frameworkStatus"": ""Diagnostic"", ""guidance"": ""場所が物語の出来事や因果を動かす段階。"", ""primer"": ""Location SemanticsのLevel 3。場所の条件が、出来事や人物の行動を動かす場合です。"", ""process"": ""その場所でなければ成立しない出来事・移動・対立・発見があるかを見る。"", ""integration"": ""Narrative ArchitectureとLocation Semanticsが明確に結合する。"", ""formation"": ""場所そのものが物語の因果・行動・情報展開に参加する段階。"", ""publicDefinition"": ""Location Semantics Level 3。""}","{""term"": ""Narrative Location"", ""jp"": ""物語機能場所"", ""layer"": ""Level 3"", ""frameworkStatus"": ""Diagnostic"", ""guidance"": ""場所が物語の出来事や因果を動かす段階。"", ""primer"": ""Location SemanticsのLevel 3。場所の条件が、出来事や人物の行動を動かす場合です。"", ""process"": ""その場所でなければ成立しない出来事・移動・対立・発見があるかを見る。"", ""integration"": ""Narrative ArchitectureとLocation Semanticsが明確に結合する。"", ""formation"": ""場所そのものが物語の因果・行動・情報展開に参加する段階。"", ""publicDefinition"": ""Location Semantics Level 3。""}",既存5段階を保持。今回の変更は共有Methodologyの分離・参照ラベル等の整合のみ。,Anime:JudgementSystem.pdf p.1 + Work Prompt + v0.2 Public baseline,"2026-09-16 (receipt/inspection, not framework establishment)",Editorial / retained public proposal,v0.151 unchanged where present; full public v0.2 snapshot retained,Preserved exact object/base64
concept-0026,Retained after audit,Semantic Location,Semantic Location,productionImplication / completionScope / contentRevision / claimEvidence / editorialReviewStatus / formulaStatus,"{""term"": ""Semantic Location"", ""jp"": ""意味生成場所"", ""layer"": ""Level 4"", ""frameworkStatus"": ""Diagnostic"", ""guidance"": ""場所が複数の意味層を同時に保持する段階。"", ""primer"": ""Location SemanticsのLevel 4。場所が、歴史・社会・人物など複数の意味を担う場合です。"", ""process"": ""歴史、階級、文化、人物、物語が同一空間で重なり、説明なしに意味を生成するかを見る。"", ""integration"": ""Found Semantic Compressionと強く接続。E7 Visual SemanticsとE8 Semantic Integrationの横断領域。"", ""formation"": ""場所が複数の文脈を統合し、作品の意味構造を形成する段階。"", ""publicDefinition"": ""Location Semantics Level 4。""}","{""term"": ""Semantic Location"", ""jp"": ""意味生成場所"", ""layer"": ""Level 4"", ""frameworkStatus"": ""Diagnostic"", ""guidance"": ""場所が複数の意味層を同時に保持する段階。"", ""primer"": ""Location SemanticsのLevel 4。場所が、歴史・社会・人物など複数の意味を担う場合です。"", ""process"": ""歴史、階級、文化、人物、物語が同一空間で重なり、説明なしに意味を生成するかを見る。"", ""integration"": ""Found Semantic Compressionと強く接続。E7 Visual SemanticsとE8 Semantic Integrationの横断領域。"", ""formation"": ""場所が複数の文脈を統合し、作品の意味構造を形成する段階。"", ""publicDefinition"": ""Location Semantics Level 4。""}",既存5段階を保持。今回の変更は共有Methodologyの分離・参照ラベル等の整合のみ。,Anime:JudgementSystem.pdf p.1 + Work Prompt + v0.2 Public baseline,"2026-09-16 (receipt/inspection, not framework establishment)",Editorial / retained public proposal,v0.151 unchanged where present; full public v0.2 snapshot retained,Preserved exact object/base64
concept-0027,Retained after audit,Cognitive Location,Cognitive Location,productionImplication / completionScope / contentRevision / claimEvidence / editorialReviewStatus / formulaStatus,"{""term"": ""Cognitive Location"", ""jp"": ""認知変換場所"", ""layer"": ""Level 5"", ""frameworkStatus"": ""Diagnostic"", ""guidance"": ""場所を見ることで、視聴者の世界認識そのものが変わる段階。"", ""primer"": ""Location SemanticsのLevel 5。場所を通じて、世界の捉え方そのものが変化する場合です。"", ""process"": ""場所を単なる舞台としてではなく、歴史・社会・文化の構造を理解する認知装置として読み直す。"", ""integration"": ""Location Semanticsの最上位補助レベル。Cognitive Plasticity、Found Semantic Compression、Cultural Genesisと接続。"", ""formation"": ""場所が視聴者の認識モデルを再構成する認知装置として機能する段階。"", ""publicDefinition"": ""Location Semantics Level 5。""}","{""term"": ""Cognitive Location"", ""jp"": ""認知変換場所"", ""layer"": ""Level 5"", ""frameworkStatus"": ""Diagnostic"", ""guidance"": ""場所を見ることで、視聴者の世界認識そのものが変わる段階。"", ""primer"": ""Location SemanticsのLevel 5。場所を通じて、世界の捉え方そのものが変化する場合です。"", ""process"": ""場所を単なる舞台としてではなく、歴史・社会・文化の構造を理解する認知装置として読み直す。"", ""integration"": ""Location Semanticsの最上位補助レベル。Cognitive Plasticity、Found Semantic Compression、Cultural Genesisと接続。"", ""formation"": ""場所が視聴者の認識モデルを再構成する認知装置として機能する段階。"", ""publicDefinition"": ""Location Semantics Level 5。""}",既存5段階を保持。今回の変更は共有Methodologyの分離・参照ラベル等の整合のみ。,Anime:JudgementSystem.pdf p.1 + Work Prompt + v0.2 Public baseline,"2026-09-16 (receipt/inspection, not framework establishment)",Editorial / retained public proposal,v0.151 unchanged where present; full public v0.2 snapshot retained,Preserved exact object/base64
concept-0028,Retained after audit,Cultural Genesis,Cultural Genesis,productionImplication / completionScope / contentRevision / claimEvidence / editorialReviewStatus / formulaStatus,"{""term"": ""Cultural Genesis"", ""jp"": ""文化生成"", ""layer"": ""Cross-Layer"", ""frameworkStatus"": ""Alpha 6.0 Operational"", ""guidance"": ""文化を完成品ではなく、時間をかけて場所・制度・習慣から生成されるものとして見る。"", ""primer"": ""文化的な特徴が、土地・制度・生活習慣から形成される過程を扱います。"", ""process"": ""建築、生活、歴史、反復行動、制度が長期に蓄積し、その場所固有の文化感覚を作る過程を追う。"", ""integration"": ""Cultural Smell、Location Semantics、Found Semantic Compressionと接続。"", ""formation"": ""長期的な生活・歴史・空間の蓄積から、場所固有の文化的意味が生成される過程。"", ""publicDefinition"": ""場所と時間の蓄積から文化的意味が形成される過程を表す補助概念。""}","{""term"": ""Cultural Genesis"", ""jp"": ""文化生成"", ""layer"": ""Cross-Layer"", ""frameworkStatus"": ""Alpha 6.0 Operational"", ""guidance"": ""文化を完成品ではなく、時間をかけて場所・制度・習慣から生成されるものとして見る。"", ""primer"": ""文化的な特徴が、土地・制度・生活習慣から形成される過程を扱います。"", ""process"": ""建築、生活、歴史、反復行動、制度が長期に蓄積し、その場所固有の文化感覚を作る過程を追う。"", ""integration"": ""Cultural Smell、Location Semantics、Found Semantic Compressionと接続。"", ""formation"": ""長期的な生活・歴史・空間の蓄積から、場所固有の文化的意味が生成される過程。"", ""publicDefinition"": ""場所と時間の蓄積から文化的意味が形成される過程を表す補助概念。""}",既存5段階を保持。今回の変更は共有Methodologyの分離・参照ラベル等の整合のみ。,Anime:JudgementSystem.pdf p.1 + Work Prompt + v0.2 Public baseline,"2026-09-16 (receipt/inspection, not framework establishment)",Editorial / retained public proposal,v0.151 unchanged where present; full public v0.2 snapshot retained,Preserved exact object/base64
concept-0029,Retained after audit,Cultural Smell,Cultural Smell,productionImplication / completionScope / contentRevision / claimEvidence / editorialReviewStatus / formulaStatus,"{""term"": ""Cultural Smell"", ""jp"": ""文化の匂い"", ""layer"": ""Cross-Layer"", ""frameworkStatus"": ""Alpha 6.0 Operational"", ""guidance"": ""文化を説明される前に『場所の繊維から滲み出るように感じる』現象として捉える。"", ""primer"": ""明示的な説明より先に、空間や生活の細部から文化を感じ取る現象を扱います。"", ""process"": ""建築・音・生活痕跡・歴史・人々の振る舞いを統合し、明示されない文化的密度を感知する。"", ""integration"": ""Cultural GenesisのOutcomeとして扱い、Location SemanticsやAtmospheric Locationより広い文化認知へ接続する。"", ""formation"": ""場所に長期蓄積された文化が、説明以前の感覚として知覚される現象。"", ""publicDefinition"": ""場所に蓄積された文化的意味が直感的に知覚される現象を表す実験概念。""}","{""term"": ""Cultural Smell"", ""jp"": ""文化の匂い"", ""layer"": ""Cross-Layer"", ""frameworkStatus"": ""Alpha 6.0 Operational"", ""guidance"": ""文化を説明される前に『場所の繊維から滲み出るように感じる』現象として捉える。"", ""primer"": ""明示的な説明より先に、空間や生活の細部から文化を感じ取る現象を扱います。"", ""process"": ""建築・音・生活痕跡・歴史・人々の振る舞いを統合し、明示されない文化的密度を感知する。"", ""integration"": ""Cultural GenesisのOutcomeとして扱い、Location SemanticsやAtmospheric Locationより広い文化認知へ接続する。"", ""formation"": ""場所に長期蓄積された文化が、説明以前の感覚として知覚される現象。"", ""publicDefinition"": ""場所に蓄積された文化的意味が直感的に知覚される現象を表す実験概念。""}",既存5段階を保持。今回の変更は共有Methodologyの分離・参照ラベル等の整合のみ。,Anime:JudgementSystem.pdf p.1 + Work Prompt + v0.2 Public baseline,"2026-09-16 (receipt/inspection, not framework establishment)",Editorial / retained public proposal,v0.151 unchanged where present; full public v0.2 snapshot retained,Preserved exact object/base64
concept-0030,Retained after audit,Comprehensibility-Convergence Bias,Comprehensibility-Convergence Bias,productionImplication / completionScope / contentRevision / claimEvidence / editorialReviewStatus / formulaStatus,"{""term"": ""Comprehensibility-Convergence Bias"", ""jp"": ""理解容易性収束バイアス"", ""layer"": ""Cross-Layer"", ""frameworkStatus"": ""Diagnostic"", ""guidance"": ""『分かりやすくする圧力』が、複数解釈や複雑性を一つの理解へ収束させる現象を見る。"", ""primer"": ""分かりやすさを優先することで、解釈の幅や必要な複雑さが失われる場合を診断します。"", ""process"": ""説明・放送環境・対象視聴者への配慮が、曖昧性や構造的複雑性を削っていないかを確認する。"", ""integration"": ""Complexity Erasure、Public-Service Accessibility、Broadcast/Narrowcast環境と接続。"", ""formation"": ""理解容易性を高める過程で、解釈の複数性や認知的複雑性が過度に収束するバイアス。"", ""publicDefinition"": ""作品の理解容易性が高度化を抑制する可能性を分析する横断診断概念。""}","{""term"": ""Comprehensibility-Convergence Bias"", ""jp"": ""理解容易性収束バイアス"", ""layer"": ""Cross-Layer"", ""frameworkStatus"": ""Diagnostic"", ""guidance"": ""『分かりやすくする圧力』が、複数解釈や複雑性を一つの理解へ収束させる現象を見る。"", ""primer"": ""分かりやすさを優先することで、解釈の幅や必要な複雑さが失われる場合を診断します。"", ""process"": ""説明・放送環境・対象視聴者への配慮が、曖昧性や構造的複雑性を削っていないかを確認する。"", ""integration"": ""Complexity Erasure、Public-Service Accessibility、Broadcast/Narrowcast環境と接続。"", ""formation"": ""理解容易性を高める過程で、解釈の複数性や認知的複雑性が過度に収束するバイアス。"", ""publicDefinition"": ""作品の理解容易性が高度化を抑制する可能性を分析する横断診断概念。""}",既存5段階を保持。今回の変更は共有Methodologyの分離・参照ラベル等の整合のみ。,Anime:JudgementSystem.pdf p.1 + Work Prompt + v0.2 Public baseline,"2026-09-16 (receipt/inspection, not framework establishment)",Editorial / retained public proposal,v0.151 unchanged where present; full public v0.2 snapshot retained,Preserved exact object/base64
concept-0031,Retained after audit,Metaphor Debt,Metaphor Debt,productionImplication / completionScope / contentRevision / claimEvidence / editorialReviewStatus / formulaStatus,"{""term"": ""Metaphor Debt"", ""jp"": ""メタファー負債"", ""layer"": ""Cross-Layer"", ""frameworkStatus"": ""Diagnostic"", ""guidance"": ""分かりやすい比喩が、現実の複雑性を誤った単純モデルへ固定するコストを見る。"", ""primer"": ""便利な比喩を現実そのものだと思い込み、後の理解にずれが生じる場合を診断します。"", ""process"": ""比喩が何を見せ、何を隠し、どこで因果関係を誤解させるかを検証する。"", ""integration"": ""Premature Causal Closure、Complexity Erasure、Liberal Arts modelの対抗対象。"", ""formation"": ""説明を容易にする比喩が、後の精密理解を妨げる認知的負債。"", ""publicDefinition"": ""教育・SF・説明型作品の認知的単純化を診断する補助概念。""}","{""term"": ""Metaphor Debt"", ""jp"": ""メタファー負債"", ""layer"": ""Cross-Layer"", ""frameworkStatus"": ""Diagnostic"", ""guidance"": ""分かりやすい比喩が、現実の複雑性を誤った単純モデルへ固定するコストを見る。"", ""primer"": ""便利な比喩を現実そのものだと思い込み、後の理解にずれが生じる場合を診断します。"", ""process"": ""比喩が何を見せ、何を隠し、どこで因果関係を誤解させるかを検証する。"", ""integration"": ""Premature Causal Closure、Complexity Erasure、Liberal Arts modelの対抗対象。"", ""formation"": ""説明を容易にする比喩が、後の精密理解を妨げる認知的負債。"", ""publicDefinition"": ""教育・SF・説明型作品の認知的単純化を診断する補助概念。""}",既存5段階を保持。今回の変更は共有Methodologyの分離・参照ラベル等の整合のみ。,Anime:JudgementSystem.pdf p.1 + Work Prompt + v0.2 Public baseline,"2026-09-16 (receipt/inspection, not framework establishment)",Editorial / retained public proposal,v0.151 unchanged where present; full public v0.2 snapshot retained,Preserved exact object/base64
concept-0032,Retained after audit,Premature Causal Closure,Premature Causal Closure,productionImplication / completionScope / contentRevision / claimEvidence / editorialReviewStatus / formulaStatus,"{""term"": ""Premature Causal Closure"", ""jp"": ""早すぎる因果閉鎖"", ""layer"": ""Cross-Layer"", ""frameworkStatus"": ""Diagnostic"", ""guidance"": ""十分な検討前に『原因はこれ』と因果を閉じてしまう現象を見る。"", ""primer"": ""ほかの原因や条件を検討する前に、一つの原因で説明を終える場合を診断します。"", ""process"": ""代替原因、条件、反証可能性が残っているかを確認する。"", ""integration"": ""Metaphor Debt、Complexity Erasure、Uncertainty Preservationの対抗概念。"", ""formation"": ""複雑な現象を十分な比較・反証なしに単一因果へ固定する認知的閉鎖。"", ""publicDefinition"": ""認知高度化を妨げる因果推論上の診断概念。""}","{""term"": ""Premature Causal Closure"", ""jp"": ""早すぎる因果閉鎖"", ""layer"": ""Cross-Layer"", ""frameworkStatus"": ""Diagnostic"", ""guidance"": ""十分な検討前に『原因はこれ』と因果を閉じてしまう現象を見る。"", ""primer"": ""ほかの原因や条件を検討する前に、一つの原因で説明を終える場合を診断します。"", ""process"": ""代替原因、条件、反証可能性が残っているかを確認する。"", ""integration"": ""Metaphor Debt、Complexity Erasure、Uncertainty Preservationの対抗概念。"", ""formation"": ""複雑な現象を十分な比較・反証なしに単一因果へ固定する認知的閉鎖。"", ""publicDefinition"": ""認知高度化を妨げる因果推論上の診断概念。""}",既存5段階を保持。今回の変更は共有Methodologyの分離・参照ラベル等の整合のみ。,Anime:JudgementSystem.pdf p.1 + Work Prompt + v0.2 Public baseline,"2026-09-16 (receipt/inspection, not framework establishment)",Editorial / retained public proposal,v0.151 unchanged where present; full public v0.2 snapshot retained,Preserved exact object/base64
concept-0033,Retained after audit,Complexity Erasure,Complexity Erasure,productionImplication / completionScope / contentRevision / claimEvidence / editorialReviewStatus / formulaStatus,"{""term"": ""Complexity Erasure"", ""jp"": ""複雑性消去"", ""layer"": ""Cross-Layer"", ""frameworkStatus"": ""Diagnostic"", ""guidance"": ""説明の便利さのために、現実に必要な複雑性が消されていないかを見る。"", ""primer"": ""説明を単純にする過程で、対象を理解するのに必要な違いや関係まで消える場合を診断します。"", ""process"": ""例外、複数因果、時間差、制度、利害関係者が省略されていないか確認する。"", ""integration"": ""Comprehensibility-Convergence Bias、Metaphor Debt、Low Recognition Resolutionと接続。"", ""formation"": ""理解を簡単にする代償として、現実を理解するために必要な複雑性が除去される現象。"", ""publicDefinition"": ""作品や説明の認知解像度を診断する補助概念。""}","{""term"": ""Complexity Erasure"", ""jp"": ""複雑性消去"", ""layer"": ""Cross-Layer"", ""frameworkStatus"": ""Diagnostic"", ""guidance"": ""説明の便利さのために、現実に必要な複雑性が消されていないかを見る。"", ""primer"": ""説明を単純にする過程で、対象を理解するのに必要な違いや関係まで消える場合を診断します。"", ""process"": ""例外、複数因果、時間差、制度、利害関係者が省略されていないか確認する。"", ""integration"": ""Comprehensibility-Convergence Bias、Metaphor Debt、Low Recognition Resolutionと接続。"", ""formation"": ""理解を簡単にする代償として、現実を理解するために必要な複雑性が除去される現象。"", ""publicDefinition"": ""作品や説明の認知解像度を診断する補助概念。""}",既存5段階を保持。今回の変更は共有Methodologyの分離・参照ラベル等の整合のみ。,Anime:JudgementSystem.pdf p.1 + Work Prompt + v0.2 Public baseline,"2026-09-16 (receipt/inspection, not framework establishment)",Editorial / retained public proposal,v0.151 unchanged where present; full public v0.2 snapshot retained,Preserved exact object/base64
concept-0034,Retained after audit,Low Recognition Resolution,Low Recognition Resolution,productionImplication / completionScope / contentRevision / claimEvidence / editorialReviewStatus / formulaStatus,"{""term"": ""Low Recognition Resolution"", ""jp"": ""低認識解像度"", ""layer"": ""Cross-Layer"", ""frameworkStatus"": ""Diagnostic"", ""guidance"": ""対象を区別する粒度が粗く、異なるものを同じものとして処理してしまう状態を見る。"", ""primer"": ""異なる立場や現象を大まかな一種類にまとめ、違いを見落とす場合を診断します。"", ""process"": ""Distinctionが不足し、比較・因果・文脈の差を識別できているか確認する。"", ""integration"": ""Complexity Erasureの結果として生じやすく、Liberal Arts modelのRecognition Resolution toward Realityと対置。"", ""formation"": ""現実の差異・関係・条件を十分に区別できない粗い認識状態。"", ""publicDefinition"": ""認知高度化の不足を記述する診断概念。""}","{""term"": ""Low Recognition Resolution"", ""jp"": ""低認識解像度"", ""layer"": ""Cross-Layer"", ""frameworkStatus"": ""Diagnostic"", ""guidance"": ""対象を区別する粒度が粗く、異なるものを同じものとして処理してしまう状態を見る。"", ""primer"": ""異なる立場や現象を大まかな一種類にまとめ、違いを見落とす場合を診断します。"", ""process"": ""Distinctionが不足し、比較・因果・文脈の差を識別できているか確認する。"", ""integration"": ""Complexity Erasureの結果として生じやすく、Liberal Arts modelのRecognition Resolution toward Realityと対置。"", ""formation"": ""現実の差異・関係・条件を十分に区別できない粗い認識状態。"", ""publicDefinition"": ""認知高度化の不足を記述する診断概念。""}",既存5段階を保持。今回の変更は共有Methodologyの分離・参照ラベル等の整合のみ。,Anime:JudgementSystem.pdf p.1 + Work Prompt + v0.2 Public baseline,"2026-09-16 (receipt/inspection, not framework establishment)",Editorial / retained public proposal,v0.151 unchanged where present; full public v0.2 snapshot retained,Preserved exact object/base64
concept-0035,Retained after audit,Liberal Arts Model,Liberal Arts Model,productionImplication / completionScope / contentRevision / claimEvidence / editorialReviewStatus / formulaStatus,"{""term"": ""Liberal Arts Model"", ""jp"": ""教養による認知高度化モデル"", ""layer"": ""Cross-Layer"", ""frameworkStatus"": ""Future Candidate"", ""guidance"": ""教養を知識量ではなく、区別・文脈化・比較・因果分析・不確実性保持を可能にする認知基盤として見る。"", ""primer"": ""教養を、知識の蓄積に加えて、区別・比較・検証を支える認知の基盤として扱います。"", ""process"": ""Distinction ▶︎ Contextualisation ▶︎ Comparison ▶︎ Causal-Structural Analysis ▶︎ Uncertainty Recognition and Preservation と進む。"", ""integration"": ""Metaphor Debt、Premature Causal Closure、Complexity Erasure、Low Recognition Resolutionへの対抗モデル。"", ""formation"": ""複雑な現実を単純化せず、高い認識解像度と自律的判断へ導く認知基盤。"", ""publicDefinition"": ""Beta 0.1へ組み込む補助理論候補。""}","{""term"": ""Liberal Arts Model"", ""jp"": ""教養による認知高度化モデル"", ""layer"": ""Cross-Layer"", ""frameworkStatus"": ""Future Candidate"", ""guidance"": ""教養を知識量ではなく、区別・文脈化・比較・因果分析・不確実性保持を可能にする認知基盤として見る。"", ""primer"": ""教養を、知識の蓄積に加えて、区別・比較・検証を支える認知の基盤として扱います。"", ""process"": ""Distinction ▶︎ Contextualisation ▶︎ Comparison ▶︎ Causal-Structural Analysis ▶︎ Uncertainty Recognition and Preservation と進む。"", ""integration"": ""Metaphor Debt、Premature Causal Closure、Complexity Erasure、Low Recognition Resolutionへの対抗モデル。"", ""formation"": ""複雑な現実を単純化せず、高い認識解像度と自律的判断へ導く認知基盤。"", ""publicDefinition"": ""Beta 0.1へ組み込む補助理論候補。""}",既存5段階を保持。今回の変更は共有Methodologyの分離・参照ラベル等の整合のみ。,Anime:JudgementSystem.pdf p.1 + Work Prompt + v0.2 Public baseline,"2026-09-16 (receipt/inspection, not framework establishment)",Editorial / retained public proposal,v0.151 unchanged where present; full public v0.2 snapshot retained,Preserved exact object/base64
concept-0036,Retained after audit,Distinction,Distinction,productionImplication / completionScope / contentRevision / claimEvidence / editorialReviewStatus / formulaStatus,"{""term"": ""Distinction"", ""jp"": ""区別"", ""layer"": ""Cross-Layer"", ""frameworkStatus"": ""Future Candidate"", ""guidance"": ""似ているものの差を見分ける最初の認知操作。"", ""primer"": ""概念を理解する出発点として、似たもの同士の違いを見分ける操作を扱います。"", ""process"": ""対象間の境界・条件・機能差を取り出す。"", ""integration"": ""Liberal Arts modelの起点。Low Recognition Resolutionへの直接的対抗。"", ""formation"": ""対象間の意味ある差異を識別し、認知解像度を上げる操作。"", ""publicDefinition"": ""Liberal Arts認知連鎖の第一操作。""}","{""term"": ""Distinction"", ""jp"": ""区別"", ""layer"": ""Cross-Layer"", ""frameworkStatus"": ""Future Candidate"", ""guidance"": ""似ているものの差を見分ける最初の認知操作。"", ""primer"": ""概念を理解する出発点として、似たもの同士の違いを見分ける操作を扱います。"", ""process"": ""対象間の境界・条件・機能差を取り出す。"", ""integration"": ""Liberal Arts modelの起点。Low Recognition Resolutionへの直接的対抗。"", ""formation"": ""対象間の意味ある差異を識別し、認知解像度を上げる操作。"", ""publicDefinition"": ""Liberal Arts認知連鎖の第一操作。""}",既存5段階を保持。今回の変更は共有Methodologyの分離・参照ラベル等の整合のみ。,Anime:JudgementSystem.pdf p.1 + Work Prompt + v0.2 Public baseline,"2026-09-16 (receipt/inspection, not framework establishment)",Editorial / retained public proposal,v0.151 unchanged where present; full public v0.2 snapshot retained,Preserved exact object/base64
concept-0037,Retained after audit,Contextualisation,Contextualisation,productionImplication / completionScope / contentRevision / claimEvidence / editorialReviewStatus / formulaStatus,"{""term"": ""Contextualisation"", ""jp"": ""文脈化"", ""layer"": ""Cross-Layer"", ""frameworkStatus"": ""Future Candidate"", ""guidance"": ""対象を単独で見ず、周囲の歴史・制度・文化・目的の中へ置く。"", ""primer"": ""言葉や出来事を、歴史・制度・目的などの周辺条件と結びつける操作を扱います。"", ""process"": ""何と関係し、どの条件下で成立し、どの時代・制度に属するかを配置する。"", ""integration"": ""Distinctionの次にComparisonを可能にする認知操作。"", ""formation"": ""対象を複数の関係軸の中へ配置し、意味の座標を作る操作。"", ""publicDefinition"": ""Liberal Arts認知連鎖の主要操作。""}","{""term"": ""Contextualisation"", ""jp"": ""文脈化"", ""layer"": ""Cross-Layer"", ""frameworkStatus"": ""Future Candidate"", ""guidance"": ""対象を単独で見ず、周囲の歴史・制度・文化・目的の中へ置く。"", ""primer"": ""言葉や出来事を、歴史・制度・目的などの周辺条件と結びつける操作を扱います。"", ""process"": ""何と関係し、どの条件下で成立し、どの時代・制度に属するかを配置する。"", ""integration"": ""Distinctionの次にComparisonを可能にする認知操作。"", ""formation"": ""対象を複数の関係軸の中へ配置し、意味の座標を作る操作。"", ""publicDefinition"": ""Liberal Arts認知連鎖の主要操作。""}",既存5段階を保持。今回の変更は共有Methodologyの分離・参照ラベル等の整合のみ。,Anime:JudgementSystem.pdf p.1 + Work Prompt + v0.2 Public baseline,"2026-09-16 (receipt/inspection, not framework establishment)",Editorial / retained public proposal,v0.151 unchanged where present; full public v0.2 snapshot retained,Preserved exact object/base64
concept-0038,Retained after audit,Epistemic Autonomy,Epistemic Autonomy,productionImplication / completionScope / contentRevision / claimEvidence / editorialReviewStatus / formulaStatus,"{""term"": ""Epistemic Autonomy"", ""jp"": ""認識上の自律性"", ""layer"": ""Outcome"", ""frameworkStatus"": ""Future Candidate"", ""guidance"": ""与えられた説明をそのまま受け入れず、自分で比較・反証・判断できる状態を見る。"", ""primer"": ""他者の説明を比較・検証し、自分で判断を更新できる状態を扱います。"", ""process"": ""複数情報を区別し、文脈化し、因果を検証し、不確実性を残したまま判断する。"", ""integration"": ""Liberal Arts modelの最終Outcome。Cognitive Plasticityとも接続可能。"", ""formation"": ""外部の単純説明に依存せず、自律的に認識モデルを構築・更新できる状態。"", ""publicDefinition"": ""Liberal Arts補助理論における認知的Outcome。""}","{""term"": ""Epistemic Autonomy"", ""jp"": ""認識上の自律性"", ""layer"": ""Outcome"", ""frameworkStatus"": ""Future Candidate"", ""guidance"": ""与えられた説明をそのまま受け入れず、自分で比較・反証・判断できる状態を見る。"", ""primer"": ""他者の説明を比較・検証し、自分で判断を更新できる状態を扱います。"", ""process"": ""複数情報を区別し、文脈化し、因果を検証し、不確実性を残したまま判断する。"", ""integration"": ""Liberal Arts modelの最終Outcome。Cognitive Plasticityとも接続可能。"", ""formation"": ""外部の単純説明に依存せず、自律的に認識モデルを構築・更新できる状態。"", ""publicDefinition"": ""Liberal Arts補助理論における認知的Outcome。""}",既存5段階を保持。今回の変更は共有Methodologyの分離・参照ラベル等の整合のみ。,Anime:JudgementSystem.pdf p.1 + Work Prompt + v0.2 Public baseline,"2026-09-16 (receipt/inspection, not framework establishment)",Editorial / retained public proposal,v0.151 unchanged where present; full public v0.2 snapshot retained,Preserved exact object/base64
concept-0039,Retained after audit,Black Comedy Cognitive Window,Black Comedy Cognitive Window,productionImplication / completionScope / contentRevision / claimEvidence / editorialReviewStatus / formulaStatus,"{""term"": ""Black Comedy Cognitive Window"", ""jp"": ""ブラックコメディ認知窓"", ""layer"": ""Cross-Layer"", ""frameworkStatus"": ""Alpha 6.0 Operational"", ""guidance"": ""笑いによって心理的距離を作り、通常なら重すぎる対象を認知可能にする窓として見る。"", ""primer"": ""ブラックコメディの笑いや距離が、重い問題を考える余地を作る場合を扱います。"", ""process"": ""対象との情動距離を調整し、恐怖・暴力・制度的不合理を直接受けるのではなく、笑いを介して観察する。"", ""integration"": ""Enhanced Virtuality、Cognitive Reallocation、Empathy、Editingと接続。作品ごとに認知距離の作り方を比較可能。"", ""formation"": ""ブラックコメディが情動距離を調整し、困難な現実を観察・比較・理解可能にする認知インターフェース。"", ""publicDefinition"": ""Black Comedyの認知機能を分析する実験概念。""}","{""term"": ""Black Comedy Cognitive Window"", ""jp"": ""ブラックコメディ認知窓"", ""layer"": ""Cross-Layer"", ""frameworkStatus"": ""Alpha 6.0 Operational"", ""guidance"": ""笑いによって心理的距離を作り、通常なら重すぎる対象を認知可能にする窓として見る。"", ""primer"": ""ブラックコメディの笑いや距離が、重い問題を考える余地を作る場合を扱います。"", ""process"": ""対象との情動距離を調整し、恐怖・暴力・制度的不合理を直接受けるのではなく、笑いを介して観察する。"", ""integration"": ""Enhanced Virtuality、Cognitive Reallocation、Empathy、Editingと接続。作品ごとに認知距離の作り方を比較可能。"", ""formation"": ""ブラックコメディが情動距離を調整し、困難な現実を観察・比較・理解可能にする認知インターフェース。"", ""publicDefinition"": ""Black Comedyの認知機能を分析する実験概念。""}",既存5段階を保持。今回の変更は共有Methodologyの分離・参照ラベル等の整合のみ。,Anime:JudgementSystem.pdf p.1 + Work Prompt + v0.2 Public baseline,"2026-09-16 (receipt/inspection, not framework establishment)",Editorial / retained public proposal,v0.151 unchanged where present; full public v0.2 snapshot retained,Preserved exact object/base64
concept-0040,Retained after audit,Cognitively Enhanced Virtuality,Cognitively Enhanced Virtuality,productionImplication / completionScope / contentRevision / claimEvidence / editorialReviewStatus / formulaStatus,"{""term"": ""Cognitively Enhanced Virtuality"", ""jp"": ""認知的に強化された仮想性"", ""layer"": ""Cross-Layer"", ""frameworkStatus"": ""Future Candidate"", ""guidance"": ""現実をそのまま再現するのではなく、仮想表現によって認知しやすくする機能として見る。"", ""primer"": ""アニメーションなどの仮想表現が、現実の構造や関係を認識しやすくする可能性を扱います。"", ""process"": ""誇張、抽象化、可視化、非現実的表現を通じ、現実では見えにくい関係や因果を認識する。"", ""integration"": ""Animation、Black Comedy、Interactive Explanation、Cognitive Reallocationと接続。"", ""formation"": ""仮想性を利用して、現実の構造・関係・因果をより認知可能にする表現機構。"", ""publicDefinition"": ""AnimationやInteractive表現の認知的利点を説明するBeta候補概念。""}","{""term"": ""Cognitively Enhanced Virtuality"", ""jp"": ""認知的に強化された仮想性"", ""layer"": ""Cross-Layer"", ""frameworkStatus"": ""Future Candidate"", ""guidance"": ""現実をそのまま再現するのではなく、仮想表現によって認知しやすくする機能として見る。"", ""primer"": ""アニメーションなどの仮想表現が、現実の構造や関係を認識しやすくする可能性を扱います。"", ""process"": ""誇張、抽象化、可視化、非現実的表現を通じ、現実では見えにくい関係や因果を認識する。"", ""integration"": ""Animation、Black Comedy、Interactive Explanation、Cognitive Reallocationと接続。"", ""formation"": ""仮想性を利用して、現実の構造・関係・因果をより認知可能にする表現機構。"", ""publicDefinition"": ""AnimationやInteractive表現の認知的利点を説明するBeta候補概念。""}",既存5段階を保持。今回の変更は共有Methodologyの分離・参照ラベル等の整合のみ。,Anime:JudgementSystem.pdf p.1 + Work Prompt + v0.2 Public baseline,"2026-09-16 (receipt/inspection, not framework establishment)",Editorial / retained public proposal,v0.151 unchanged where present; full public v0.2 snapshot retained,Preserved exact object/base64
concept-0041,Retained after audit,Historical Formation Architecture,Historical Formation Architecture,relations / productionImplication / completionScope / contentRevision / claimEvidence / editorialReviewStatus / formulaStatus,"{""term"": ""Historical Formation Architecture"", ""jp"": ""歴史形成アーキテクチャ"", ""layer"": ""Cross-Layer"", ""frameworkStatus"": ""Alpha 6.0 Operational"", ""guidance"": ""現在の状態を、過去にどう形成されたかという構造として見る。"", ""primer"": ""現在の制度や人物の状態を、過去からの形成過程として分析する概念です。"", ""process"": ""制度・人物・技術・文化の起点と変化を追い、現在へ至る形成因果を構築する。"", ""integration"": ""Historical Consequence Architectureと対になる。SFや歴史ドラマで時間因果を双方向に読むために使用。"", ""formation"": ""現在の世界・制度・人物が、過去からどのように形成されたかを示す時間因果構造。"", ""publicDefinition"": ""歴史的因果を『形成側』から分析する補助概念。""}","{""term"": ""Historical Formation Architecture"", ""jp"": ""歴史形成アーキテクチャ"", ""layer"": ""Cross-Layer"", ""frameworkStatus"": ""Alpha 6.0 Operational"", ""guidance"": ""現在の状態を、過去にどう形成されたかという構造として見る。"", ""primer"": ""現在の制度や人物の状態を、過去からの形成過程として分析する概念です。"", ""process"": ""制度・人物・技術・文化の起点と変化を追い、現在へ至る形成因果を構築する。"", ""integration"": ""Historical Consequence Architectureと対になる。SFや歴史ドラマで時間因果を双方向に読むために使用。"", ""formation"": ""現在の世界・制度・人物が、過去からどのように形成されたかを示す時間因果構造。"", ""publicDefinition"": ""歴史的因果を『形成側』から分析する補助概念。""}",既存5段階を保持。今回の変更は共有Methodologyの分離・参照ラベル等の整合のみ。,Anime:JudgementSystem.pdf p.1 + Work Prompt + v0.2 Public baseline,"2026-09-16 (receipt/inspection, not framework establishment)",Editorial / retained public proposal,v0.151 unchanged where present; full public v0.2 snapshot retained,Preserved exact object/base64
concept-0042,Retained after audit,Historical Consequence Architecture,Historical Consequence Architecture,relations / productionImplication / completionScope / contentRevision / claimEvidence / editorialReviewStatus / formulaStatus,"{""term"": ""Historical Consequence Architecture"", ""jp"": ""歴史帰結アーキテクチャ"", ""layer"": ""Cross-Layer"", ""frameworkStatus"": ""Alpha 6.0 Operational"", ""guidance"": ""現在の選択が、未来に何を生み出すかという構造として見る。"", ""primer"": ""現在の出来事や選択を、その後の歴史への影響として分析する概念です。"", ""process"": ""出来事の長期帰結、制度変化、文化変化、人物選択の波及を追う。"", ""integration"": ""Historical Formation Architectureと組み合わせ、過去→現在→未来の時間因果を構築する。"", ""formation"": ""現在の出来事・選択が、その後の歴史へどのような帰結を生むかを示す構造。"", ""publicDefinition"": ""歴史的因果を『帰結側』から分析する補助概念。""}","{""term"": ""Historical Consequence Architecture"", ""jp"": ""歴史帰結アーキテクチャ"", ""layer"": ""Cross-Layer"", ""frameworkStatus"": ""Alpha 6.0 Operational"", ""guidance"": ""現在の選択が、未来に何を生み出すかという構造として見る。"", ""primer"": ""現在の出来事や選択を、その後の歴史への影響として分析する概念です。"", ""process"": ""出来事の長期帰結、制度変化、文化変化、人物選択の波及を追う。"", ""integration"": ""Historical Formation Architectureと組み合わせ、過去→現在→未来の時間因果を構築する。"", ""formation"": ""現在の出来事・選択が、その後の歴史へどのような帰結を生むかを示す構造。"", ""publicDefinition"": ""歴史的因果を『帰結側』から分析する補助概念。""}",既存5段階を保持。今回の変更は共有Methodologyの分離・参照ラベル等の整合のみ。,Anime:JudgementSystem.pdf p.1 + Work Prompt + v0.2 Public baseline,"2026-09-16 (receipt/inspection, not framework establishment)",Editorial / retained public proposal,v0.151 unchanged where present; full public v0.2 snapshot retained,Preserved exact object/base64
concept-0043,Affected historical / interface retrofit,Temporal Durability,Temporal Durability,process / integration / formation / publicDefinition / primer / revision / provenance / relations / operationalUse / productionImplication / frameworkEvolution / boundarySummary / completionScope / contentRevision / claimEvidence / checks / recognitionDelta / etymologicalGenesis / editorialReviewStatus / formulaStatus,"{""term"": ""Temporal Durability"", ""jp"": ""時間耐久性"", ""layer"": ""Cross-Layer"", ""frameworkStatus"": ""Diagnostic"", ""guidance"": ""作品の意味・未来像・表現言語が、時間経過後にも機能するかを見る。"", ""primer"": ""制作当時の評価と現在の読みを区別し、時間がたっても意味が働くかを診断します。"", ""process"": ""制作当時の新しさと、現在から見た有効性を分け、技術・社会・映像言語・思想の陳腐化を診断する。"", ""integration"": ""Interactive 4-Layer / 8-Element比較で表示切替する横断診断。特にSFで重要。"", ""formation"": ""制作時の文脈を超えて、作品の意味・認知・未来像がどの程度持続・再文脈化できるかを測る診断軸。"", ""publicDefinition"": ""時間経過による作品の意味保存・再解釈能力を診断する横断軸。""}","{""term"": ""Temporal Durability"", ""jp"": ""時間耐久性"", ""layer"": ""Cross-Layer"", ""frameworkStatus"": ""Diagnostic"", ""guidance"": ""作品の意味・未来像・表現言語が、時間経過後にも機能するかを見る。"", ""primer"": ""Illustrative Example：数か月後も同じ場面が人物関係を考える手がかりになる。 この場合に何を区別でき、何はまだ言えないかを考える。"", ""process"": ""Operational Recognition Route：最初に生じた意味・経験を記述 → 時間経過や再接触後にも残る働きを観察 → 記憶・新規解釈・慣れを分ける → 長さや人気の継続と区別する。 以下は概念を見分けるための編集的手順で、実証済みの心理過程を示すものではない。"", ""integration"": ""既存の持続性の観点。E4は再視聴で読める情報、Temporal Sustainability Architectureは持続を支える候補構成、CTIは受け手の認識再構成を問う。持続だけで変容とはしない。"", ""formation"": ""時間や再接触を隔てて意味・経験の働きが残るかを問う観点。再視聴回数や放送期間を代用せず、残るものと変わるものを指定する。"", ""publicDefinition"": ""時間や再接触を隔てて意味・経験の働きが残るかを問う観点。再視聴回数や放送期間を代用せず、残るものと変わるものを指定する。""}",E4の再視聴情報・持続性の候補構造・CTIの観客変化と区別。,Anime:JudgementSystem.pdf p.1 + Work Prompt + v0.2 Public baseline,"2026-09-16 (receipt/inspection, not framework establishment)",Editorial / retained public proposal,v0.151 unchanged where present; full public v0.2 snapshot retained,Preserved exact object/base64
concept-0044,Retained after audit,Falsifiability,Falsifiability,productionImplication / completionScope / contentRevision / claimEvidence / editorialReviewStatus / formulaStatus,"{""term"": ""Falsifiability"", ""jp"": ""反証可能性"", ""layer"": ""Method"", ""frameworkStatus"": ""Alpha 6.0 Operational"", ""guidance"": ""自分たちの仮説が間違っている可能性を、先に構造化して検証する。"", ""primer"": ""作品評価や概念の仮説について、どんな証拠なら見直すかを検討する方法です。"", ""process"": ""Falsification Hypothesisを立て、Counter-Analysisを行い、それでも残る部分だけを暫定採用する。"", ""integration"": ""FrameworkのConcept、作品Class、各Elementの採点すべてに適用する検証方法。"", ""formation"": ""仮説を反証可能な形にし、反対説明との再検証を通じて暫定的に生き残らせる方法。"", ""publicDefinition"": ""Framework運用の標準検証手順。""}","{""term"": ""Falsifiability"", ""jp"": ""反証可能性"", ""layer"": ""Method"", ""frameworkStatus"": ""Alpha 6.0 Operational"", ""guidance"": ""自分たちの仮説が間違っている可能性を、先に構造化して検証する。"", ""primer"": ""作品評価や概念の仮説について、どんな証拠なら見直すかを検討する方法です。"", ""process"": ""Falsification Hypothesisを立て、Counter-Analysisを行い、それでも残る部分だけを暫定採用する。"", ""integration"": ""FrameworkのConcept、作品Class、各Elementの採点すべてに適用する検証方法。"", ""formation"": ""仮説を反証可能な形にし、反対説明との再検証を通じて暫定的に生き残らせる方法。"", ""publicDefinition"": ""Framework運用の標準検証手順。""}",既存5段階を保持。今回の変更は共有Methodologyの分離・参照ラベル等の整合のみ。,Anime:JudgementSystem.pdf p.1 + Work Prompt + v0.2 Public baseline,"2026-09-16 (receipt/inspection, not framework establishment)",Editorial / retained public proposal,v0.151 unchanged where present; full public v0.2 snapshot retained,Preserved exact object/base64
concept-0045,Retained after audit,Alpha / Beta / Gold Master,Alpha / Beta / Gold Master,productionImplication / completionScope / contentRevision / claimEvidence / editorialReviewStatus / formulaStatus,"{""term"": ""Alpha / Beta / Gold Master"", ""jp"": ""開発成熟度運用"", ""layer"": ""Method"", ""frameworkStatus"": ""Alpha 6.0 Operational"", ""guidance"": ""理論を完成品として固定せず、成熟度に応じて検証段階を分ける。"", ""primer"": ""Frameworkの探索段階と検証・安定化段階を区別するための開発用語です。"", ""process"": ""Alphaで概念発見と構造化、Betaで操作的定義・再現性・反証、Gold Masterで安定仕様化する。"", ""integration"": ""Framework自体をSoftware/DesignのようにVersion管理する運用思想。"", ""formation"": ""理論・評価基準を段階的に検証し、安定性と再現性を高めるVersion管理方法。"", ""publicDefinition"": ""現在のFrameworkはAlpha 6.0、Lexiconはv0.2。Beta 0.1は将来移行先であり、現在の成熟度を示す名称ではない。""}","{""term"": ""Alpha / Beta / Gold Master"", ""jp"": ""開発成熟度運用"", ""layer"": ""Method"", ""frameworkStatus"": ""Alpha 6.0 Operational"", ""guidance"": ""理論を完成品として固定せず、成熟度に応じて検証段階を分ける。"", ""primer"": ""Frameworkの探索段階と検証・安定化段階を区別するための開発用語です。"", ""process"": ""Alphaで概念発見と構造化、Betaで操作的定義・再現性・反証、Gold Masterで安定仕様化する。"", ""integration"": ""Framework自体をSoftware/DesignのようにVersion管理する運用思想。"", ""formation"": ""理論・評価基準を段階的に検証し、安定性と再現性を高めるVersion管理方法。"", ""publicDefinition"": ""現在のFrameworkはAlpha 6.0、Lexiconはv0.2。Beta 0.1は将来移行先であり、現在の成熟度を示す名称ではない。""}",既存5段階を保持。今回の変更は共有Methodologyの分離・参照ラベル等の整合のみ。,Anime:JudgementSystem.pdf p.1 + Work Prompt + v0.2 Public baseline,"2026-09-16 (receipt/inspection, not framework establishment)",Editorial / retained public proposal,v0.151 unchanged where present; full public v0.2 snapshot retained,Preserved exact object/base64
concept-0046,Retained after audit,Broadcast / Narrowcast Environment,Broadcast / Narrowcast Environment,productionImplication / completionScope / contentRevision / claimEvidence / editorialReviewStatus / formulaStatus,"{""term"": ""Broadcast / Narrowcast Environment"", ""jp"": ""放送・限定配信環境"", ""layer"": ""External Causal Analysis"", ""frameworkStatus"": ""Diagnostic"", ""guidance"": ""作品内部だけでなく、どの配信制度・対象視聴者・公共性のもとで作られたかを見る。"", ""primer"": ""放送・配信の制度や対象視聴者が、作品の表現設計に与える影響を診断します。"", ""process"": ""放送局、プラットフォーム、対象年齢、広告・公共サービス要請が理解容易性や表現複雑性へ与える圧力を分離する。"", ""integration"": ""Comprehensibility-Convergence Biasの外部原因を診断する。"", ""formation"": ""作品Architectureに外部から作用する、放送・配信・視聴者設計上の因果環境。"", ""publicDefinition"": ""作品の内部評価と外部制作因果を区別するための補助診断。""}","{""term"": ""Broadcast / Narrowcast Environment"", ""jp"": ""放送・限定配信環境"", ""layer"": ""External Causal Analysis"", ""frameworkStatus"": ""Diagnostic"", ""guidance"": ""作品内部だけでなく、どの配信制度・対象視聴者・公共性のもとで作られたかを見る。"", ""primer"": ""放送・配信の制度や対象視聴者が、作品の表現設計に与える影響を診断します。"", ""process"": ""放送局、プラットフォーム、対象年齢、広告・公共サービス要請が理解容易性や表現複雑性へ与える圧力を分離する。"", ""integration"": ""Comprehensibility-Convergence Biasの外部原因を診断する。"", ""formation"": ""作品Architectureに外部から作用する、放送・配信・視聴者設計上の因果環境。"", ""publicDefinition"": ""作品の内部評価と外部制作因果を区別するための補助診断。""}",既存5段階を保持。今回の変更は共有Methodologyの分離・参照ラベル等の整合のみ。,Anime:JudgementSystem.pdf p.1 + Work Prompt + v0.2 Public baseline,"2026-09-16 (receipt/inspection, not framework establishment)",Editorial / retained public proposal,v0.151 unchanged where present; full public v0.2 snapshot retained,Preserved exact object/base64
concept-0047,Retained after audit,Japanese Cognitive Localisation Process,Japanese Cognitive Localisation Process,productionImplication / completionScope / contentRevision / claimEvidence / editorialReviewStatus / formulaStatus,"{""term"": ""Japanese Cognitive Localisation Process"", ""jp"": ""日本語認知ローカライゼーション過程"", ""layer"": ""Interface / Method"", ""frameworkStatus"": ""Alpha 6.0 Operational"", ""guidance"": ""英語Technical Termを日本語へ置換するのではなく、認知過程そのものを日本語で再構成する。"", ""primer"": ""未知の英語概念を、日本語の対訳だけでなく段階的な説明で理解するための方法です。"", ""process"": ""認知誘導訳 ▶︎ 短い文脈説明 ▶︎ 認知過程 ▶︎ 本格的な多方向文脈統合説明 ▶︎ 認識形成訳 の順で理解を形成する。"", ""integration"": ""Interactive Cognitive Lexiconの標準表示仕様。High-Context CognitionとScientific Cognitionの橋渡しにも利用可能。"", ""formation"": ""Technical Conceptの意味座標と認知操作を、日本語話者の認識構造の中に再構築する翻訳・説明プロセス。"", ""publicDefinition"": ""Technical Conceptを日本語で認識形成するための5段階ローカライゼーションモデル。共有版ではContext Primerを標準の第2段階とする。""}","{""term"": ""Japanese Cognitive Localisation Process"", ""jp"": ""日本語認知ローカライゼーション過程"", ""layer"": ""Interface / Method"", ""frameworkStatus"": ""Alpha 6.0 Operational"", ""guidance"": ""英語Technical Termを日本語へ置換するのではなく、認知過程そのものを日本語で再構成する。"", ""primer"": ""未知の英語概念を、日本語の対訳だけでなく段階的な説明で理解するための方法です。"", ""process"": ""認知誘導訳 ▶︎ 短い文脈説明 ▶︎ 認知過程 ▶︎ 本格的な多方向文脈統合説明 ▶︎ 認識形成訳 の順で理解を形成する。"", ""integration"": ""Interactive Cognitive Lexiconの標準表示仕様。High-Context CognitionとScientific Cognitionの橋渡しにも利用可能。"", ""formation"": ""Technical Conceptの意味座標と認知操作を、日本語話者の認識構造の中に再構築する翻訳・説明プロセス。"", ""publicDefinition"": ""Technical Conceptを日本語で認識形成するための5段階ローカライゼーションモデル。共有版ではContext Primerを標準の第2段階とする。""}",既存5段階を保持。今回の変更は共有Methodologyの分離・参照ラベル等の整合のみ。,Anime:JudgementSystem.pdf p.1 + Work Prompt + v0.2 Public baseline,"2026-09-16 (receipt/inspection, not framework establishment)",Editorial / retained public proposal,v0.151 unchanged where present; full public v0.2 snapshot retained,Preserved exact object/base64
concept-0048,Retained after audit,Multi-Contextual Integration Explanation,Multi-Contextual Integration Explanation,productionImplication / completionScope / contentRevision / claimEvidence / editorialReviewStatus / formulaStatus,"{""term"": ""Multi-Contextual Integration Explanation"", ""jp"": ""多方向文脈統合説明"", ""layer"": ""Interface / Method"", ""frameworkStatus"": ""Alpha 6.0 Operational"", ""guidance"": ""概念を『説明する』のではなく、知識空間のどこに位置するかを作る。"", ""primer"": ""概念がどの理論や比較対象とつながり、何と異なるのかを複数の方向から説明する段階です。"", ""process"": ""理論、比較、実務、時間因果、反証など複数軸へ概念を配置し、他概念との距離と関係を形成する。"", ""integration"": ""日本語認知ローカライゼーション第4段階。Contextualisationをより多方向化した操作。"", ""formation"": ""概念を複数の文脈軸へ配置し、知識空間内の座標として認識可能にする説明。"", ""publicDefinition"": ""5段階ローカライゼーションの第4段階。概念を複数の文脈軸へ配置し、知識空間内の座標を形成する。""}","{""term"": ""Multi-Contextual Integration Explanation"", ""jp"": ""多方向文脈統合説明"", ""layer"": ""Interface / Method"", ""frameworkStatus"": ""Alpha 6.0 Operational"", ""guidance"": ""概念を『説明する』のではなく、知識空間のどこに位置するかを作る。"", ""primer"": ""概念がどの理論や比較対象とつながり、何と異なるのかを複数の方向から説明する段階です。"", ""process"": ""理論、比較、実務、時間因果、反証など複数軸へ概念を配置し、他概念との距離と関係を形成する。"", ""integration"": ""日本語認知ローカライゼーション第4段階。Contextualisationをより多方向化した操作。"", ""formation"": ""概念を複数の文脈軸へ配置し、知識空間内の座標として認識可能にする説明。"", ""publicDefinition"": ""5段階ローカライゼーションの第4段階。概念を複数の文脈軸へ配置し、知識空間内の座標を形成する。""}",既存5段階を保持。今回の変更は共有Methodologyの分離・参照ラベル等の整合のみ。,Anime:JudgementSystem.pdf p.1 + Work Prompt + v0.2 Public baseline,"2026-09-16 (receipt/inspection, not framework establishment)",Editorial / retained public proposal,v0.151 unchanged where present; full public v0.2 snapshot retained,Preserved exact object/base64
concept-0049,Retained after audit,High-Context Cognition,High-Context Cognition,productionImplication / completionScope / contentRevision / claimEvidence / editorialReviewStatus / formulaStatus,"{""term"": ""High-Context Cognition"", ""jp"": ""高文脈型認知"", ""layer"": ""Cognition"", ""frameworkStatus"": ""Alpha 6.0 Operational"", ""guidance"": ""意味を言葉の明示情報だけでなく、関係・状況・共有背景から読む認知として捉える。"", ""primer"": ""発言そのものだけでなく、状況や共有背景から意味を補う認知操作を検討します。"", ""process"": ""省略された情報を文脈から補完し、複数の暗黙関係を同時に処理する。"", ""integration"": ""Scientific CognitionとのCompatibility / Conflict、TransformerによるCognitive Localisationの可能性を検討。"", ""formation"": ""明示された記号より、状況・関係・共有背景を統合して意味を形成する認知様式。"", ""publicDefinition"": ""言語・文化と認知の関係を検討するための実験概念。""}","{""term"": ""High-Context Cognition"", ""jp"": ""高文脈型認知"", ""layer"": ""Cognition"", ""frameworkStatus"": ""Alpha 6.0 Operational"", ""guidance"": ""意味を言葉の明示情報だけでなく、関係・状況・共有背景から読む認知として捉える。"", ""primer"": ""発言そのものだけでなく、状況や共有背景から意味を補う認知操作を検討します。"", ""process"": ""省略された情報を文脈から補完し、複数の暗黙関係を同時に処理する。"", ""integration"": ""Scientific CognitionとのCompatibility / Conflict、TransformerによるCognitive Localisationの可能性を検討。"", ""formation"": ""明示された記号より、状況・関係・共有背景を統合して意味を形成する認知様式。"", ""publicDefinition"": ""言語・文化と認知の関係を検討するための実験概念。""}",既存5段階を保持。今回の変更は共有Methodologyの分離・参照ラベル等の整合のみ。,Anime:JudgementSystem.pdf p.1 + Work Prompt + v0.2 Public baseline,"2026-09-16 (receipt/inspection, not framework establishment)",Editorial / retained public proposal,v0.151 unchanged where present; full public v0.2 snapshot retained,Preserved exact object/base64
concept-0050,Retained after audit,Framework Cognitive Reconstruction Interface,Framework Cognitive Reconstruction Interface,relations / productionImplication / completionScope / contentRevision / claimEvidence / editorialReviewStatus / formulaStatus,"{""term"": ""Framework Cognitive Reconstruction Interface"", ""jp"": ""フレームワーク認知再構成インターフェース"", ""layer"": ""Interface"", ""frameworkStatus"": ""Alpha 6.0 Operational"", ""guidance"": ""用語を覚える辞書ではなく、検索からFramework全体を脳内へ再ロードする装置として捉える。"", ""primer"": ""一つの用語から関連概念・層・要素へ進み、Framework全体のつながりを思い出すための設計概念です。"", ""process"": ""Term ▶︎ Related Concepts ▶︎ Layer/Element ▶︎ Architecture ▶︎ Framework の順に関連を辿る。"", ""integration"": ""Interactive Cognitive Lexiconと4-Layer / 8-Element Interactive 2Dを相互接続する将来構想。"", ""formation"": ""Concept検索を起点に、関連概念とArchitectureを再構成してFramework全体を呼び戻す認知インターフェース。"", ""publicDefinition"": ""Interactive Cognitive Lexiconの設計目的を示す上位概念。""}","{""term"": ""Framework Cognitive Reconstruction Interface"", ""jp"": ""フレームワーク認知再構成インターフェース"", ""layer"": ""Interface"", ""frameworkStatus"": ""Alpha 6.0 Operational"", ""guidance"": ""用語を覚える辞書ではなく、検索からFramework全体を脳内へ再ロードする装置として捉える。"", ""primer"": ""一つの用語から関連概念・層・要素へ進み、Framework全体のつながりを思い出すための設計概念です。"", ""process"": ""Term ▶︎ Related Concepts ▶︎ Layer/Element ▶︎ Architecture ▶︎ Framework の順に関連を辿る。"", ""integration"": ""Interactive Cognitive Lexiconと4-Layer / 8-Element Interactive 2Dを相互接続する将来構想。"", ""formation"": ""Concept検索を起点に、関連概念とArchitectureを再構成してFramework全体を呼び戻す認知インターフェース。"", ""publicDefinition"": ""Interactive Cognitive Lexiconの設計目的を示す上位概念。""}",既存5段階を保持。今回の変更は共有Methodologyの分離・参照ラベル等の整合のみ。,Anime:JudgementSystem.pdf p.1 + Work Prompt + v0.2 Public baseline,"2026-09-16 (receipt/inspection, not framework establishment)",Editorial / retained public proposal,v0.151 unchanged where present; full public v0.2 snapshot retained,Preserved exact object/base64
concept-0053,Retained after audit,LLM-Mediated Cognitive Concept Localisation,LLM-Mediated Cognitive Concept Localisation,productionImplication / completionScope / contentRevision / claimEvidence / editorialReviewStatus / formulaStatus,"{""term"": ""LLM-Mediated Cognitive Concept Localisation"", ""jp"": ""LLM媒介型・概念認知ローカライゼーション"", ""layer"": ""Interface / Method"", ""frameworkStatus"": ""Alpha 6.0 Operational"", ""guidance"": ""LLMを媒介として、未知の概念を読者が認識・区別・再利用できる形へ再構成する。"", ""primer"": ""単語の訳が分かっても概念がつかめないときに、LLMで理解の順序と文脈を組み立てる方法を扱います。"", ""process"": ""原概念と確定定義を確認し、読者の既知の概念を足場に5段階の説明候補を作り、原定義との差を人が確認する。"", ""integration"": ""Japanese Cognitive Localisation Processは日本語向けの具体的手順、Cognitive Reconstruction Lexiconは説明の保存・探索先。Hybrid Architectureは保存・検索・生成の役割分担を定める。説明が流暢でも、概念の区別や新しい文脈への転用が改善するとは限らない。"", ""formation"": ""LLMの媒介により概念の境界・関係・認知操作を再構成し、読者の認識形成を支援する実験的方法。"", ""publicDefinition"": ""LLMを用いてTechnical Conceptを読者の認知空間へ再構成し、段階的説明として提示・検証・再利用する方法。効果と理論的独自性は検証対象。""}","{""term"": ""LLM-Mediated Cognitive Concept Localisation"", ""jp"": ""LLM媒介型・概念認知ローカライゼーション"", ""layer"": ""Interface / Method"", ""frameworkStatus"": ""Alpha 6.0 Operational"", ""guidance"": ""LLMを媒介として、未知の概念を読者が認識・区別・再利用できる形へ再構成する。"", ""primer"": ""単語の訳が分かっても概念がつかめないときに、LLMで理解の順序と文脈を組み立てる方法を扱います。"", ""process"": ""原概念と確定定義を確認し、読者の既知の概念を足場に5段階の説明候補を作り、原定義との差を人が確認する。"", ""integration"": ""Japanese Cognitive Localisation Processは日本語向けの具体的手順、Cognitive Reconstruction Lexiconは説明の保存・探索先。Hybrid Architectureは保存・検索・生成の役割分担を定める。説明が流暢でも、概念の区別や新しい文脈への転用が改善するとは限らない。"", ""formation"": ""LLMの媒介により概念の境界・関係・認知操作を再構成し、読者の認識形成を支援する実験的方法。"", ""publicDefinition"": ""LLMを用いてTechnical Conceptを読者の認知空間へ再構成し、段階的説明として提示・検証・再利用する方法。効果と理論的独自性は検証対象。""}",既存5段階を保持。今回の変更は共有Methodologyの分離・参照ラベル等の整合のみ。,Anime:JudgementSystem.pdf p.1 + Work Prompt + v0.2 Public baseline,"2026-09-16 (receipt/inspection, not framework establishment)",Editorial / retained public proposal,v0.151 unchanged where present; full public v0.2 snapshot retained,Preserved exact object/base64
concept-0054,Retained after audit,Hybrid Cognitive Localisation Architecture,Hybrid Cognitive Localisation Architecture,productionImplication / completionScope / contentRevision / claimEvidence / editorialReviewStatus / formulaStatus,"{""term"": ""Hybrid Cognitive Localisation Architecture"", ""jp"": ""ハイブリッド認知ローカライゼーション・アーキテクチャ"", ""layer"": ""Interface / Method"", ""frameworkStatus"": ""Future Candidate"", ""guidance"": ""正確な定義の保存と、相手に応じた説明の生成を別の役割として組み合わせる。"", ""primer"": ""辞典・概念関係・検索・LLMが、それぞれの得意な処理を担う構成案です。"", ""process"": ""確定データを検索し、関連概念を参照してLLMが説明候補を生成する。確認済みの説明だけを版付きで保存し、次回は再利用する。"", ""integration"": ""Concept Databaseは正式定義、Knowledge Graphは関係、Semantic Retrievalは検索、Transformerは認知順序への変換、Interfaceは探索を担当する。本HTMLは保存済みデータとInterfaceを実装する段階で、LLMや意味検索は接続していない。"", ""formation"": ""安定した知識保存と動的な認知再構成を、複数のソフトウェアの役割分担で両立させる構成。"", ""publicDefinition"": ""Canonical Concept Database、Knowledge Graph、Semantic Retrieval、Transformerを役割分担させ、厳密な知識保存と動的な認知再構成を両立するCognitive Localisation System Architecture。""}","{""term"": ""Hybrid Cognitive Localisation Architecture"", ""jp"": ""ハイブリッド認知ローカライゼーション・アーキテクチャ"", ""layer"": ""Interface / Method"", ""frameworkStatus"": ""Future Candidate"", ""guidance"": ""正確な定義の保存と、相手に応じた説明の生成を別の役割として組み合わせる。"", ""primer"": ""辞典・概念関係・検索・LLMが、それぞれの得意な処理を担う構成案です。"", ""process"": ""確定データを検索し、関連概念を参照してLLMが説明候補を生成する。確認済みの説明だけを版付きで保存し、次回は再利用する。"", ""integration"": ""Concept Databaseは正式定義、Knowledge Graphは関係、Semantic Retrievalは検索、Transformerは認知順序への変換、Interfaceは探索を担当する。本HTMLは保存済みデータとInterfaceを実装する段階で、LLMや意味検索は接続していない。"", ""formation"": ""安定した知識保存と動的な認知再構成を、複数のソフトウェアの役割分担で両立させる構成。"", ""publicDefinition"": ""Canonical Concept Database、Knowledge Graph、Semantic Retrieval、Transformerを役割分担させ、厳密な知識保存と動的な認知再構成を両立するCognitive Localisation System Architecture。""}",既存5段階を保持。今回の変更は共有Methodologyの分離・参照ラベル等の整合のみ。,Anime:JudgementSystem.pdf p.1 + Work Prompt + v0.2 Public baseline,"2026-09-16 (receipt/inspection, not framework establishment)",Editorial / retained public proposal,v0.151 unchanged where present; full public v0.2 snapshot retained,Preserved exact object/base64
concept-0055,Retained after audit,Cognitive Reconstruction Lexicon,Cognitive Reconstruction Lexicon,productionImplication / completionScope / contentRevision / claimEvidence / editorialReviewStatus / formulaStatus,"{""term"": ""Cognitive Reconstruction Lexicon"", ""jp"": ""認知再構成辞典"", ""layer"": ""Interface / Method"", ""frameworkStatus"": ""Alpha 6.0 Operational"", ""guidance"": ""対訳を覚えるより、概念を理解し直せる説明と関係を保存する辞典として捉える。"", ""primer"": ""忘れた用語を引くことから、関連概念をたどって理解の構造を取り戻すことまでを支援する辞典です。"", ""process"": ""用語を探す → 5段階説明を読む → 近接概念と比較する → 自分の言葉で区別を再構成する → 別の文脈で使えるか確かめる。"", ""integration"": ""Framework Cognitive Reconstruction Interfaceは探索体験の設計目的、このLexiconはその説明資産。Workflowは資産を作って更新する手順であり、LLMはその作成を媒介できる。"", ""formation"": ""概念の認知操作と文脈関係を保存し、検索・比較・再利用によって理解を再構成する辞典。"", ""publicDefinition"": ""Technical Conceptを段階的な認知説明と関連概念として蓄積し、認識を再形成できる辞典の設計概念。""}","{""term"": ""Cognitive Reconstruction Lexicon"", ""jp"": ""認知再構成辞典"", ""layer"": ""Interface / Method"", ""frameworkStatus"": ""Alpha 6.0 Operational"", ""guidance"": ""対訳を覚えるより、概念を理解し直せる説明と関係を保存する辞典として捉える。"", ""primer"": ""忘れた用語を引くことから、関連概念をたどって理解の構造を取り戻すことまでを支援する辞典です。"", ""process"": ""用語を探す → 5段階説明を読む → 近接概念と比較する → 自分の言葉で区別を再構成する → 別の文脈で使えるか確かめる。"", ""integration"": ""Framework Cognitive Reconstruction Interfaceは探索体験の設計目的、このLexiconはその説明資産。Workflowは資産を作って更新する手順であり、LLMはその作成を媒介できる。"", ""formation"": ""概念の認知操作と文脈関係を保存し、検索・比較・再利用によって理解を再構成する辞典。"", ""publicDefinition"": ""Technical Conceptを段階的な認知説明と関連概念として蓄積し、認識を再形成できる辞典の設計概念。""}",既存5段階を保持。今回の変更は共有Methodologyの分離・参照ラベル等の整合のみ。,Anime:JudgementSystem.pdf p.1 + Work Prompt + v0.2 Public baseline,"2026-09-16 (receipt/inspection, not framework establishment)",Editorial / retained public proposal,v0.151 unchanged where present; full public v0.2 snapshot retained,Preserved exact object/base64
concept-0056,Retained after audit,Cognitive Localisation Workflow,Cognitive Localisation Workflow,productionImplication / completionScope / contentRevision / claimEvidence / editorialReviewStatus / formulaStatus,"{""term"": ""Cognitive Localisation Workflow"", ""jp"": ""認知ローカライゼーション・ワークフロー"", ""layer"": ""Interface / Method"", ""frameworkStatus"": ""Alpha 6.0 Operational"", ""guidance"": ""概念の確認から説明の検証・保存・更新までを、繰り返せる手順にする。"", ""primer"": ""一回の説明で終わらず、確認済みの説明を辞典へ蓄積するための作業手順です。"", ""process"": ""原概念と出典を確認 → 5段階説明を作成 → 類似概念との境界と反例を確認 → Public / Researchを分離 → StatusとRelated Conceptsを付与 → 版付きで保存。"", ""integration"": ""Japanese Cognitive Localisation Processは読者に示す5段階、Workflowは作成者側の検証・保存まで含む。Hybrid Architectureはその手順を支える構成で、LLMの使用自体は必須条件ではない。"", ""formation"": ""概念を段階的に説明し、検証と版管理を経て再利用可能な知識へ蓄積する反復可能な手順。"", ""publicDefinition"": ""Conceptの確認・認知説明・検証・分類・保存・更新を接続する再利用可能な作業手順。""}","{""term"": ""Cognitive Localisation Workflow"", ""jp"": ""認知ローカライゼーション・ワークフロー"", ""layer"": ""Interface / Method"", ""frameworkStatus"": ""Alpha 6.0 Operational"", ""guidance"": ""概念の確認から説明の検証・保存・更新までを、繰り返せる手順にする。"", ""primer"": ""一回の説明で終わらず、確認済みの説明を辞典へ蓄積するための作業手順です。"", ""process"": ""原概念と出典を確認 → 5段階説明を作成 → 類似概念との境界と反例を確認 → Public / Researchを分離 → StatusとRelated Conceptsを付与 → 版付きで保存。"", ""integration"": ""Japanese Cognitive Localisation Processは読者に示す5段階、Workflowは作成者側の検証・保存まで含む。Hybrid Architectureはその手順を支える構成で、LLMの使用自体は必須条件ではない。"", ""formation"": ""概念を段階的に説明し、検証と版管理を経て再利用可能な知識へ蓄積する反復可能な手順。"", ""publicDefinition"": ""Conceptの確認・認知説明・検証・分類・保存・更新を接続する再利用可能な作業手順。""}",既存5段階を保持。今回の変更は共有Methodologyの分離・参照ラベル等の整合のみ。,Anime:JudgementSystem.pdf p.1 + Work Prompt + v0.2 Public baseline,"2026-09-16 (receipt/inspection, not framework establishment)",Editorial / retained public proposal,v0.151 unchanged where present; full public v0.2 snapshot retained,Preserved exact object/base64
concept-0057,Retained after audit,Context Primer,Context Primer,productionImplication / completionScope / contentRevision / claimEvidence / editorialReviewStatus / formulaStatus,"{""term"": ""Context Primer"", ""jp"": ""短い文脈説明"", ""layer"": ""Interface / Method"", ""frameworkStatus"": ""Alpha 6.0 Operational"", ""guidance"": ""まず、その概念がどんな領域で何を扱うのかを短く示す。"", ""primer"": ""初めて概念に触れる人が、次の認知過程を読むための足場を作る第2段階です。"", ""process"": ""対象領域を示す → 身近な状況や問いを置く → 何を区別する概念かを予告する。"", ""integration"": ""認知誘導訳は入口の捉え方、Context Primerは対象と状況、Cognitive Processは実際の認知操作、Multi-Contextual Integration Explanationは広い関係配置を担う。長い理論説明は第4段階へ置く。"", ""formation"": ""未知の概念について、対象領域と利用文脈を短く示して理解の準備を整える説明。"", ""publicDefinition"": ""5段階Cognitive Localisationの第2段階。初見の読者に概念の対象と文脈を提示する。""}","{""term"": ""Context Primer"", ""jp"": ""短い文脈説明"", ""layer"": ""Interface / Method"", ""frameworkStatus"": ""Alpha 6.0 Operational"", ""guidance"": ""まず、その概念がどんな領域で何を扱うのかを短く示す。"", ""primer"": ""初めて概念に触れる人が、次の認知過程を読むための足場を作る第2段階です。"", ""process"": ""対象領域を示す → 身近な状況や問いを置く → 何を区別する概念かを予告する。"", ""integration"": ""認知誘導訳は入口の捉え方、Context Primerは対象と状況、Cognitive Processは実際の認知操作、Multi-Contextual Integration Explanationは広い関係配置を担う。長い理論説明は第4段階へ置く。"", ""formation"": ""未知の概念について、対象領域と利用文脈を短く示して理解の準備を整える説明。"", ""publicDefinition"": ""5段階Cognitive Localisationの第2段階。初見の読者に概念の対象と文脈を提示する。""}",既存5段階を保持。今回の変更は共有Methodologyの分離・参照ラベル等の整合のみ。,Anime:JudgementSystem.pdf p.1 + Work Prompt + v0.2 Public baseline,"2026-09-16 (receipt/inspection, not framework establishment)",Editorial / retained public proposal,v0.151 unchanged where present; full public v0.2 snapshot retained,Preserved exact object/base64
concept-0058,Retained after audit,Recognition-Formation Translation,Recognition-Formation Translation,productionImplication / completionScope / contentRevision / claimEvidence / editorialReviewStatus / formulaStatus,"{""term"": ""Recognition-Formation Translation"", ""jp"": ""認識形成訳"", ""layer"": ""Interface / Method"", ""frameworkStatus"": ""Alpha 6.0 Operational"", ""guidance"": ""説明を読んだ後に、その概念を何として理解すべきかを一つの表現へまとめる。"", ""primer"": ""5段階の最後に、概念の働きと境界を日本語でまとめ直す段階です。"", ""process"": ""入口の捉え方と文脈・認知操作・関連概念を統合し、別の概念と区別できる表現として定着させる。"", ""integration"": ""認知誘導訳が理解への入口なら、認識形成訳は複数の文脈を経た到達点。説明だけで理解が成立したと断定せず、比較や転用で確認する。"", ""formation"": ""認知操作と文脈統合を経て、概念の働きと境界を認識できる日本語表現へまとめる訳。"", ""publicDefinition"": ""5段階Cognitive Localisationの第5段階。段階的理解の到達点を日本語で明確化する。""}","{""term"": ""Recognition-Formation Translation"", ""jp"": ""認識形成訳"", ""layer"": ""Interface / Method"", ""frameworkStatus"": ""Alpha 6.0 Operational"", ""guidance"": ""説明を読んだ後に、その概念を何として理解すべきかを一つの表現へまとめる。"", ""primer"": ""5段階の最後に、概念の働きと境界を日本語でまとめ直す段階です。"", ""process"": ""入口の捉え方と文脈・認知操作・関連概念を統合し、別の概念と区別できる表現として定着させる。"", ""integration"": ""認知誘導訳が理解への入口なら、認識形成訳は複数の文脈を経た到達点。説明だけで理解が成立したと断定せず、比較や転用で確認する。"", ""formation"": ""認知操作と文脈統合を経て、概念の働きと境界を認識できる日本語表現へまとめる訳。"", ""publicDefinition"": ""5段階Cognitive Localisationの第5段階。段階的理解の到達点を日本語で明確化する。""}",既存5段階を保持。今回の変更は共有Methodologyの分離・参照ラベル等の整合のみ。,Anime:JudgementSystem.pdf p.1 + Work Prompt + v0.2 Public baseline,"2026-09-16 (receipt/inspection, not framework establishment)",Editorial / retained public proposal,v0.151 unchanged where present; full public v0.2 snapshot retained,Preserved exact object/base64
concept-0059,Affected historical / interface retrofit,Temporal Audiovisual Language — Interactive 2D Prototype,Temporal Audiovisual Language — Interactive 2D Prototype,primer / process / integration / formation / publicDefinition / revision / provenance / relations / operationalUse / productionImplication / frameworkEvolution / boundarySummary / completionScope / contentRevision / claimEvidence / checks / recognitionDelta / etymologicalGenesis / editorialReviewStatus / formulaStatus,"{""term"": ""Temporal Audiovisual Language — Interactive 2D Prototype"", ""jp"": ""時間的視聴覚言語 — インタラクティブ2Dプロトタイプ"", ""layer"": ""Interface / Method"", ""frameworkStatus"": ""Alpha 6.0 Operational"", ""guidance"": ""概念の同一性と作品内での働きを分け、Version 2の分析位置・関係を確認する。"", ""primer"": ""既存の詳細分析へSecond-Pass Annotationを重ねるための仕様です。Lexiconは文法を保存し、作品分析が具体値を割り当てます。"", ""process"": ""Analytical Concept → Primary Function / Secondary Function → Layer Reach → Path → Sophistication Contribution → Evidence"", ""integration"": ""FunctionはTransformer / Amplifier / Integrator / Constraint / Re-contextualiserのFull Spelling。PathはActivation–IntegrationとEpistemic–Experientialの位置。座標は評価点ではなく比較校正が必要。"", ""formation"": ""概念の定義・役割・層への到達・位置・寄与を区別して、時間範囲に沿って追える分析インターフェース仕様。"", ""publicDefinition"": ""Interactive 2D Prototype Version 2：Concept Identityを保ちながら、Primary / Secondary Function、Layer Reach、Path、Sophistication Contributionを作品・時点ごとに記録するAlpha 6.0の分析文法。""}","{""term"": ""Temporal Audiovisual Language — Interactive 2D Prototype"", ""jp"": ""時間的視聴覚言語 — インタラクティブ2Dプロトタイプ"", ""layer"": ""Interface / Method"", ""frameworkStatus"": ""Alpha 6.0 Operational"", ""guidance"": ""概念の同一性と作品内での働きを分け、Version 2の分析位置・関係を確認する。"", ""primer"": ""Illustrative Example：同じ音楽を一話では増幅、別話では統合として注釈した。 この場合に何を区別でき、何はまだ言えないかを考える。"", ""process"": ""Operational Recognition Route：元分析のConceptを選ぶ → 作品・時点でのFunctionを根拠とともに割り当てる → L1〜L4への到達とPathを別々に置く → 寄与と未確定を記録し元評価と分離する。 以下は概念を見分けるための編集的手順で、実証済みの心理過程を示すものではない。"", ""integration"": ""Version 2は注釈文法。LR-1〜4はCore四層に対応しLayer +1やCTIを追加しない。PathのXはActivationからIntegration、YはEpistemicからExperiential。位置は得点ではない。"", ""formation"": ""概念の同一性、作品内機能、Coreへの到達、位置、寄与を分けて追う注釈インターフェース。今回のサンドボックスは保存なしで、作品評価の自動計算をしない。"", ""publicDefinition"": ""概念の同一性、作品内機能、Coreへの到達、位置、寄与を分けて追う注釈インターフェース。今回のサンドボックスは保存なしで、作品評価の自動計算をしない。""}",正式Layer名にLR-1〜4を同期し、Layer +1/CTIを到達層へ追加しない境界を補完。,Anime:JudgementSystem.pdf p.1 + Work Prompt + v0.2 Public baseline,"2026-09-16 (receipt/inspection, not framework establishment)",Editorial / retained public proposal,v0.151 unchanged where present; full public v0.2 snapshot retained,Preserved exact object/base64
bridge-concept,Retained after audit,Concept,Concept,productionImplication / completionScope / contentRevision / claimEvidence / editorialReviewStatus,"{""term"": ""Concept"", ""jp"": ""概念／構想"", ""layer"": ""Case-dependent"", ""frameworkStatus"": ""Supplementary"", ""guidance"": ""異なる事例を、理由ある区別のもとで捉え直せる認識の単位。"", ""primer"": ""TALでの入口：同じ名前のNodeでもFunctionが変わる場合に、どこまで同一概念かを確認する。"", ""process"": ""事例に出会う → 類似と相違を探す → 境界を仮置きする → 反例で修正する → 未知事例へ移す TALでは、同じ名前のNodeでもFunctionが変わる場合に、どこまで同一概念かを確認する。"", ""integration"": ""一般概念：Conceptを持つとは、少なくともこの試作では、語を唱えるだけでなく、適用理由と不適用条件を新しい場面で説明できること。完全な習得の測定ではない。 TAL Operationalisation：概念の同一性を、呼び名ではなく適用条件と区別の単位として扱う。"", ""formation"": ""概念の同一性を、呼び名ではなく適用条件と区別の単位として扱う。"", ""publicDefinition"": ""概念の同一性を、呼び名ではなく適用条件と区別の単位として扱う。""}","{""term"": ""Concept"", ""jp"": ""概念／構想"", ""layer"": ""Case-dependent"", ""frameworkStatus"": ""Supplementary"", ""guidance"": ""異なる事例を、理由ある区別のもとで捉え直せる認識の単位。"", ""primer"": ""TALでの入口：同じ名前のNodeでもFunctionが変わる場合に、どこまで同一概念かを確認する。"", ""process"": ""事例に出会う → 類似と相違を探す → 境界を仮置きする → 反例で修正する → 未知事例へ移す TALでは、同じ名前のNodeでもFunctionが変わる場合に、どこまで同一概念かを確認する。"", ""integration"": ""一般概念：Conceptを持つとは、少なくともこの試作では、語を唱えるだけでなく、適用理由と不適用条件を新しい場面で説明できること。完全な習得の測定ではない。 TAL Operationalisation：概念の同一性を、呼び名ではなく適用条件と区別の単位として扱う。"", ""formation"": ""概念の同一性を、呼び名ではなく適用条件と区別の単位として扱う。"", ""publicDefinition"": ""概念の同一性を、呼び名ではなく適用条件と区別の単位として扱う。""}",既存5段階を保持。今回の変更は共有Methodologyの分離・参照ラベル等の整合のみ。,Anime:JudgementSystem.pdf p.1 + Work Prompt + v0.2 Public baseline,"2026-09-16 (receipt/inspection, not framework establishment)",Editorial / retained public proposal,v0.151 unchanged where present; full public v0.2 snapshot retained,Preserved exact object/base64
bridge-design,Second-pass formal connection retrofit,Design,Design,relations / provenance / productionImplication / revision / boundarySummary / completionScope / contentRevision / claimEvidence / formalConnection / checks / recognitionDelta / editorialReviewStatus,"{""term"": ""Design"", ""jp"": ""設計／意匠／図案／デザイン"", ""layer"": ""Case-dependent"", ""frameworkStatus"": ""Supplementary"", ""guidance"": ""目的と制約を往復しながら、まだない構成を選び直す営み。"", ""primer"": ""TALでの入口：評価から制作知へ戻す際、効果を見ただけで作者の意図を断定しない。"", ""process"": ""状況を調べる → 問いを設定する → 複数案を構成する → 試す → 影響を見て再構成する TALでは、評価から制作知へ戻す際、効果を見ただけで作者の意図を断定しない。"", ""integration"": ""一般概念：Designという視点は、配置された結果の背後にある選択、制約、検証を読ませる。意図があっても成功や倫理的正しさは保証されない。 TAL Operationalisation：作品構成の選択・制約・検証を扱う。"", ""formation"": ""作品構成の選択・制約・検証を扱う。"", ""publicDefinition"": ""作品構成の選択・制約・検証を扱う。""}","{""term"": ""Design"", ""jp"": ""設計／意匠／図案／デザイン"", ""layer"": ""Case-dependent"", ""frameworkStatus"": ""Supplementary"", ""guidance"": ""目的と制約を往復しながら、まだない構成を選び直す営み。"", ""primer"": ""TALでの入口：評価から制作知へ戻す際、効果を見ただけで作者の意図を断定しない。"", ""process"": ""状況を調べる → 問いを設定する → 複数案を構成する → 試す → 影響を見て再構成する TALでは、評価から制作知へ戻す際、効果を見ただけで作者の意図を断定しない。"", ""integration"": ""一般概念：Designという視点は、配置された結果の背後にある選択、制約、検証を読ませる。意図があっても成功や倫理的正しさは保証されない。 TAL Operationalisation：作品構成の選択・制約・検証を扱う。"", ""formation"": ""作品構成の選択・制約・検証を扱う。"", ""publicDefinition"": ""作品構成の選択・制約・検証を扱う。""}",E10の設計転用潜在力と、意匠の模倣、個別のProduction Implicationを分ける。目的・制約・選択の関係が転用可能かを問う。,Anime:JudgementSystem.pdf p.1 + Work Prompt + v0.2 Public baseline,"2026-09-16 (receipt/inspection, not framework establishment)",Editorial / retained public proposal,v0.151 unchanged where present; full public v0.2 snapshot retained,Preserved exact object/base64
bridge-architecture,Second-pass formal connection retrofit,Architecture,Architecture,relations / provenance / productionImplication / revision / boundarySummary / completionScope / contentRevision / claimEvidence / formalConnection / checks / recognitionDelta / editorialReviewStatus,"{""term"": ""Architecture"", ""jp"": ""建築／建築学／構成／アーキテクチャ"", ""layer"": ""Case-dependent"", ""frameworkStatus"": ""Supplementary"", ""guidance"": ""全体の能力と制約を生む、関係・依存・原則の組織化。"", ""primer"": ""TALでの入口：各話の良さとSeries全体の組織化を分けて分析する。"", ""process"": ""要素と環境を捉える → 依存と境界を見つける → 全体への制約を読む → 変更の波及を確かめる TALでは、各話の良さとSeries全体の組織化を分けて分析する。"", ""integration"": ""一般概念：Architectureを読むとは、部品の一覧にとどまらず、どの関係と原則が全体を成立させ、何を容易・困難にしているかを説明すること。 TAL Operationalisation：要素間の依存と組織化が全体の可能性・制約を作る構成を扱う。"", ""formation"": ""要素間の依存と組織化が全体の可能性・制約を作る構成を扱う。"", ""publicDefinition"": ""要素間の依存と組織化が全体の可能性・制約を作る構成を扱う。""}","{""term"": ""Architecture"", ""jp"": ""建築／建築学／構成／アーキテクチャ"", ""layer"": ""Case-dependent"", ""frameworkStatus"": ""Supplementary"", ""guidance"": ""全体の能力と制約を生む、関係・依存・原則の組織化。"", ""primer"": ""TALでの入口：各話の良さとSeries全体の組織化を分けて分析する。"", ""process"": ""要素と環境を捉える → 依存と境界を見つける → 全体への制約を読む → 変更の波及を確かめる TALでは、各話の良さとSeries全体の組織化を分けて分析する。"", ""integration"": ""一般概念：Architectureを読むとは、部品の一覧にとどまらず、どの関係と原則が全体を成立させ、何を容易・困難にしているかを説明すること。 TAL Operationalisation：要素間の依存と組織化が全体の可能性・制約を作る構成を扱う。"", ""formation"": ""要素間の依存と組織化が全体の可能性・制約を作る構成を扱う。"", ""publicDefinition"": ""要素間の依存と組織化が全体の可能性・制約を作る構成を扱う。""}",Core各LayerとLayer +1のArchitectureは異なる役割の正式名称。一般概念は組織原理を説明し、語の一致だけで五層を同格化しない。,Anime:JudgementSystem.pdf p.1 + Work Prompt + v0.2 Public baseline,"2026-09-16 (receipt/inspection, not framework establishment)",Editorial / retained public proposal,v0.151 unchanged where present; full public v0.2 snapshot retained,Preserved exact object/base64
bridge-structure,Relations-only specification retrofit,Structure,Structure,relations / productionImplication / revision / completionScope / contentRevision / claimEvidence / registryConnectionNote / editorialReviewStatus,"{""term"": ""Structure"", ""jp"": ""構造／組織／骨組み"", ""layer"": ""Case-dependent"", ""frameworkStatus"": ""Supplementary"", ""guidance"": ""何がどう結びつき、全体の成り立ちを支えるかという関係の型。"", ""primer"": ""TALでの入口：構造の記述だけで、要素の相互作用や高度化を説明したことにしない。"", ""process"": ""部分を選ぶ → 関係を記述する → 配置の規則を見つける → 別の対象と関係パターンを比較する TALでは、構造の記述だけで、要素の相互作用や高度化を説明したことにしない。"", ""integration"": ""一般概念：Structureの判別では「何があるか」に加え「何と何の間にどんな関係があるか」を示す。同じ構造記述から唯一の挙動が決まるとは限らない。 TAL Operationalisation：要素がどの関係の型で結びついているかを扱う。"", ""formation"": ""要素がどの関係の型で結びついているかを扱う。"", ""publicDefinition"": ""要素がどの関係の型で結びついているかを扱う。""}","{""term"": ""Structure"", ""jp"": ""構造／組織／骨組み"", ""layer"": ""Case-dependent"", ""frameworkStatus"": ""Supplementary"", ""guidance"": ""何がどう結びつき、全体の成り立ちを支えるかという関係の型。"", ""primer"": ""TALでの入口：構造の記述だけで、要素の相互作用や高度化を説明したことにしない。"", ""process"": ""部分を選ぶ → 関係を記述する → 配置の規則を見つける → 別の対象と関係パターンを比較する TALでは、構造の記述だけで、要素の相互作用や高度化を説明したことにしない。"", ""integration"": ""一般概念：Structureの判別では「何があるか」に加え「何と何の間にどんな関係があるか」を示す。同じ構造記述から唯一の挙動が決まるとは限らない。 TAL Operationalisation：要素がどの関係の型で結びついているかを扱う。"", ""formation"": ""要素がどの関係の型で結びついているかを扱う。"", ""publicDefinition"": ""要素がどの関係の型で結びついているかを扱う。""}",関係の型を記述する一般概念と、正式LayerとしてのArchitectureを分ける。関係図を描けたことだけでE10の抽象化・転用潜在力を確定しない。,Anime:JudgementSystem.pdf p.1 + Work Prompt + v0.2 Public baseline,"2026-09-16 (receipt/inspection, not framework establishment)",Editorial / retained public proposal,v0.151 unchanged where present; full public v0.2 snapshot retained,Preserved exact object/base64
bridge-system,Relations-only specification retrofit,System,System,relations / productionImplication / revision / completionScope / contentRevision / claimEvidence / registryConnectionNote / editorialReviewStatus,"{""term"": ""System"", ""jp"": ""体系／系／制度／システム"", ""layer"": ""Case-dependent"", ""frameworkStatus"": ""Supplementary"", ""guidance"": ""境界と環境のもとで相互作用し、まとまりとして挙動を生むもの。"", ""primer"": ""TALでの入口：物語世界・制作・配信の境界を明示し、作品内部と外部因果を混ぜない。"", ""process"": ""問いと境界を置く → 入出力と相互作用を追う → フィードバックを調べる → 全体の挙動を説明する TALでは、物語世界・制作・配信の境界を明示し、作品内部と外部因果を混ぜない。"", ""integration"": ""一般概念：Systemを認識するには、要素の列挙から、相互作用と環境を通じた挙動の説明へ移る。システムという語だけで調和や合理性を保証しない。 TAL Operationalisation：境界と環境の中で相互作用するまとまりを扱う。"", ""formation"": ""境界と環境の中で相互作用するまとまりを扱う。"", ""publicDefinition"": ""境界と環境の中で相互作用するまとまりを扱う。""}","{""term"": ""System"", ""jp"": ""体系／系／制度／システム"", ""layer"": ""Case-dependent"", ""frameworkStatus"": ""Supplementary"", ""guidance"": ""境界と環境のもとで相互作用し、まとまりとして挙動を生むもの。"", ""primer"": ""TALでの入口：物語世界・制作・配信の境界を明示し、作品内部と外部因果を混ぜない。"", ""process"": ""問いと境界を置く → 入出力と相互作用を追う → フィードバックを調べる → 全体の挙動を説明する TALでは、物語世界・制作・配信の境界を明示し、作品内部と外部因果を混ぜない。"", ""integration"": ""一般概念：Systemを認識するには、要素の列挙から、相互作用と環境を通じた挙動の説明へ移る。システムという語だけで調和や合理性を保証しない。 TAL Operationalisation：境界と環境の中で相互作用するまとまりを扱う。"", ""formation"": ""境界と環境の中で相互作用するまとまりを扱う。"", ""publicDefinition"": ""境界と環境の中で相互作用するまとまりを扱う。""}",相互作用する全体の作動と、個別指標を分ける。E10が正式にあることは制作知還元System全体の実装完成を意味しない。,Anime:JudgementSystem.pdf p.1 + Work Prompt + v0.2 Public baseline,"2026-09-16 (receipt/inspection, not framework establishment)",Editorial / retained public proposal,v0.151 unchanged where present; full public v0.2 snapshot retained,Preserved exact object/base64
bridge-function,Retained after audit,Function,Function,productionImplication / completionScope / contentRevision / claimEvidence / editorialReviewStatus,"{""term"": ""Function"", ""jp"": ""機能／働き／関数"", ""layer"": ""Case-dependent"", ""frameworkStatus"": ""Supplementary"", ""guidance"": ""何の説明のために、どの働きをFunctionと呼ぶのかを指定する。"", ""primer"": ""TALでの入口：一般概念Functionと、TransformerなどのTAL分析機能型を区別する。"", ""process"": ""対象領域を決める → 説明したい働きを定める → 意図・選択史・因果役割・対応規則のどれかを指定する → 副作用と区別する TALでは、一般概念Functionと、TransformerなどのTAL分析機能型を区別する。"", ""integration"": ""一般概念：Functionを使う際には領域と説明根拠を添える。「役に立つから機能」「機能があるから誰かが設計した」の飛躍を避ける。 TAL Operationalisation：分析で採用した根拠に基づき、対象が果たす働きを扱う。"", ""formation"": ""分析で採用した根拠に基づき、対象が果たす働きを扱う。"", ""publicDefinition"": ""分析で採用した根拠に基づき、対象が果たす働きを扱う。""}","{""term"": ""Function"", ""jp"": ""機能／働き／関数"", ""layer"": ""Case-dependent"", ""frameworkStatus"": ""Supplementary"", ""guidance"": ""何の説明のために、どの働きをFunctionと呼ぶのかを指定する。"", ""primer"": ""TALでの入口：一般概念Functionと、TransformerなどのTAL分析機能型を区別する。"", ""process"": ""対象領域を決める → 説明したい働きを定める → 意図・選択史・因果役割・対応規則のどれかを指定する → 副作用と区別する TALでは、一般概念Functionと、TransformerなどのTAL分析機能型を区別する。"", ""integration"": ""一般概念：Functionを使う際には領域と説明根拠を添える。「役に立つから機能」「機能があるから誰かが設計した」の飛躍を避ける。 TAL Operationalisation：分析で採用した根拠に基づき、対象が果たす働きを扱う。"", ""formation"": ""分析で採用した根拠に基づき、対象が果たす働きを扱う。"", ""publicDefinition"": ""分析で採用した根拠に基づき、対象が果たす働きを扱う。""}",既存5段階を保持。今回の変更は共有Methodologyの分離・参照ラベル等の整合のみ。,Anime:JudgementSystem.pdf p.1 + Work Prompt + v0.2 Public baseline,"2026-09-16 (receipt/inspection, not framework establishment)",Editorial / retained public proposal,v0.151 unchanged where present; full public v0.2 snapshot retained,Preserved exact object/base64
bridge-layer,Relations-only specification retrofit,Layer,Layer,relations / productionImplication / revision / completionScope / contentRevision / claimEvidence / registryConnectionNote / editorialReviewStatus,"{""term"": ""Layer"", ""jp"": ""層・レイヤー"", ""layer"": ""Case-dependent"", ""frameworkStatus"": ""Supplementary"", ""guidance"": ""何が別の層として共存しているかを見る。 Layerは層の区分、Levelは指定した尺度・順序の位置。"", ""primer"": ""TALでの入口：LR-1〜LR-4がどの層に届くかを記録し、高低の順位とは解釈しない。"", ""process"": ""対象を区切る → 層の同一性を定める → 重なりと接続を追う → 境界を変えて再検討する TALでは、LR-1〜LR-4がどの層に届くかを記録し、高低の順位とは解釈しない。"", ""integration"": ""一般概念：何が別の層として共存しているかを見る。 TAL Operationalisation：異なる役割を持つ層としての区分を扱う。"", ""formation"": ""異なる役割を持つ層としての区分を扱う。"", ""publicDefinition"": ""異なる役割を持つ層としての区分を扱う。""}","{""term"": ""Layer"", ""jp"": ""層・レイヤー"", ""layer"": ""Case-dependent"", ""frameworkStatus"": ""Supplementary"", ""guidance"": ""何が別の層として共存しているかを見る。 Layerは層の区分、Levelは指定した尺度・順序の位置。"", ""primer"": ""TALでの入口：LR-1〜LR-4がどの層に届くかを記録し、高低の順位とは解釈しない。"", ""process"": ""対象を区切る → 層の同一性を定める → 重なりと接続を追う → 境界を変えて再検討する TALでは、LR-1〜LR-4がどの層に届くかを記録し、高低の順位とは解釈しない。"", ""integration"": ""一般概念：何が別の層として共存しているかを見る。 TAL Operationalisation：異なる役割を持つ層としての区分を扱う。"", ""formation"": ""異なる役割を持つ層としての区分を扱う。"", ""publicDefinition"": ""異なる役割を持つ層としての区分を扱う。""}",正式CoreのLayerはL1〜L4で各25%。Layer +1は同格の第五Core層ではなく、LR-1〜4の集合へも追加しない。,Anime:JudgementSystem.pdf p.1 + Work Prompt + v0.2 Public baseline,"2026-09-16 (receipt/inspection, not framework establishment)",Editorial / retained public proposal,v0.151 unchanged where present; full public v0.2 snapshot retained,Preserved exact object/base64
bridge-level,Relations-only specification retrofit,Level,Level,relations / productionImplication / revision / completionScope / contentRevision / claimEvidence / registryConnectionNote / editorialReviewStatus,"{""term"": ""Level"", ""jp"": ""水準・段階・レベル"", ""layer"": ""Case-dependent"", ""frameworkStatus"": ""Supplementary"", ""guidance"": ""どの順序・尺度における位置かを指定する。 Levelは軸上の位置、Dimensionは変化を読める軸。"", ""primer"": ""TALでの入口：Location Semantics Level 1–5と、TALのLayerを取り違えない。"", ""process"": ""比較の尺度を選ぶ → 位置を置く → 間隔の意味を問う → 他の尺度と混同しない TALでは、Location Semantics Level 1–5と、TALのLayerを取り違えない。"", ""integration"": ""一般概念：どの順序・尺度における位置かを指定する。 TAL Operationalisation：指定した尺度・順序の中での位置を扱う。"", ""formation"": ""指定した尺度・順序の中での位置を扱う。"", ""publicDefinition"": ""指定した尺度・順序の中での位置を扱う。""}","{""term"": ""Level"", ""jp"": ""水準・段階・レベル"", ""layer"": ""Case-dependent"", ""frameworkStatus"": ""Supplementary"", ""guidance"": ""どの順序・尺度における位置かを指定する。 Levelは軸上の位置、Dimensionは変化を読める軸。"", ""primer"": ""TALでの入口：Location Semantics Level 1–5と、TALのLayerを取り違えない。"", ""process"": ""比較の尺度を選ぶ → 位置を置く → 間隔の意味を問う → 他の尺度と混同しない TALでは、Location Semantics Level 1–5と、TALのLayerを取り違えない。"", ""integration"": ""一般概念：どの順序・尺度における位置かを指定する。 TAL Operationalisation：指定した尺度・順序の中での位置を扱う。"", ""formation"": ""指定した尺度・順序の中での位置を扱う。"", ""publicDefinition"": ""指定した尺度・順序の中での位置を扱う。""}",Levelは尺度上の位置を表す一般概念。L4の4は高いLevelの意味ではなく、Coreの25%も熟達水準ではない。,Anime:JudgementSystem.pdf p.1 + Work Prompt + v0.2 Public baseline,"2026-09-16 (receipt/inspection, not framework establishment)",Editorial / retained public proposal,v0.151 unchanged where present; full public v0.2 snapshot retained,Preserved exact object/base64
bridge-dimension,Relations-only specification retrofit,Dimension,Dimension,relations / productionImplication / revision / completionScope / contentRevision / claimEvidence / registryConnectionNote / editorialReviewStatus,"{""term"": ""Dimension"", ""jp"": ""次元・側面・軸"", ""layer"": ""Case-dependent"", ""frameworkStatus"": ""Supplementary"", ""guidance"": ""何が別々に変わりうるかを問う。 軸の違いは、積み重なった層の違いと同じでない。"", ""primer"": ""TALでの入口：Activation–Integrationの位置をLayerそのものや総合評価と同一視しない。"", ""process"": ""違いを観察する → 変動の軸を提案する → 独立性・相関を検討する → 軸の不足を反例で探す TALでは、Activation–Integrationの位置をLayerそのものや総合評価と同一視しない。"", ""integration"": ""一般概念：何が別々に変わりうるかを問う。 TAL Operationalisation：比較のために独立して指定する観点・軸を扱う。"", ""formation"": ""比較のために独立して指定する観点・軸を扱う。"", ""publicDefinition"": ""比較のために独立して指定する観点・軸を扱う。""}","{""term"": ""Dimension"", ""jp"": ""次元・側面・軸"", ""layer"": ""Case-dependent"", ""frameworkStatus"": ""Supplementary"", ""guidance"": ""何が別々に変わりうるかを問う。 軸の違いは、積み重なった層の違いと同じでない。"", ""primer"": ""TALでの入口：Activation–Integrationの位置をLayerそのものや総合評価と同一視しない。"", ""process"": ""違いを観察する → 変動の軸を提案する → 独立性・相関を検討する → 軸の不足を反例で探す TALでは、Activation–Integrationの位置をLayerそのものや総合評価と同一視しない。"", ""integration"": ""一般概念：何が別々に変わりうるかを問う。 TAL Operationalisation：比較のために独立して指定する観点・軸を扱う。"", ""formation"": ""比較のために独立して指定する観点・軸を扱う。"", ""publicDefinition"": ""比較のために独立して指定する観点・軸を扱う。""}",Dimensionは比較の観点。Pathの二軸やCoreの層と接続して説明できるが、軸を新たなLayerやIndexとして数えない。,Anime:JudgementSystem.pdf p.1 + Work Prompt + v0.2 Public baseline,"2026-09-16 (receipt/inspection, not framework establishment)",Editorial / retained public proposal,v0.151 unchanged where present; full public v0.2 snapshot retained,Preserved exact object/base64
bridge-element,Relations-only specification retrofit,Element,Element,relations / productionImplication / revision / completionScope / contentRevision / claimEvidence / registryConnectionNote / editorialReviewStatus,"{""term"": ""Element"", ""jp"": ""要素"", ""layer"": ""Case-dependent"", ""frameworkStatus"": ""Supplementary"", ""guidance"": ""この問いで何を分析単位として取り出すかを見る。 Elementは分析単位、Componentは特定の全体を構成する部分。"", ""primer"": ""TALでの入口：正式Elementの名称と、作品の因果要因や制作部品を分ける。"", ""process"": ""問いを立てる → 単位を切り出す → 他の単位との関係を追う → 切り方の妥当性を試す TALでは、正式Elementの名称と、作品の因果要因や制作部品を分ける。"", ""integration"": ""一般概念：この問いで何を分析単位として取り出すかを見る。 TAL Operationalisation：Frameworkで評価・分析単位として指定された要素を扱う。"", ""formation"": ""Frameworkで評価・分析単位として指定された要素を扱う。"", ""publicDefinition"": ""Frameworkで評価・分析単位として指定された要素を扱う。""}","{""term"": ""Element"", ""jp"": ""要素"", ""layer"": ""Case-dependent"", ""frameworkStatus"": ""Supplementary"", ""guidance"": ""この問いで何を分析単位として取り出すかを見る。 Elementは分析単位、Componentは特定の全体を構成する部分。"", ""primer"": ""TALでの入口：正式Elementの名称と、作品の因果要因や制作部品を分ける。"", ""process"": ""問いを立てる → 単位を切り出す → 他の単位との関係を追う → 切り方の妥当性を試す TALでは、正式Elementの名称と、作品の因果要因や制作部品を分ける。"", ""integration"": ""一般概念：この問いで何を分析単位として取り出すかを見る。 TAL Operationalisation：Frameworkで評価・分析単位として指定された要素を扱う。"", ""formation"": ""Frameworkで評価・分析単位として指定された要素を扱う。"", ""publicDefinition"": ""Frameworkで評価・分析単位として指定された要素を扱う。""}",Frameworkの指定単位と一般的な構成要素を区別する。E1〜E8がCore、E9/E10も正式指標だが別枠Potentialに属する。,Anime:JudgementSystem.pdf p.1 + Work Prompt + v0.2 Public baseline,"2026-09-16 (receipt/inspection, not framework establishment)",Editorial / retained public proposal,v0.151 unchanged where present; full public v0.2 snapshot retained,Preserved exact object/base64
bridge-factor,Relations-only specification retrofit,Factor,Factor,relations / productionImplication / revision / completionScope / contentRevision / claimEvidence / registryConnectionNote / editorialReviewStatus,"{""term"": ""Factor"", ""jp"": ""要因・因子"", ""layer"": ""Case-dependent"", ""frameworkStatus"": ""Supplementary"", ""guidance"": ""結果の違いに何が関わるかを見る。 Factorは関与要因、Driverは方向・勢いに強く関わる要因という焦点。"", ""primer"": ""TALでの入口：音楽が意味形成に寄与したかを対照分析し、存在だけで因果としない。"", ""process"": ""結果の差を見つける → 関与する変数を挙げる → 交絡や代替説明を調べる → 寄与の条件を絞る TALでは、音楽が意味形成に寄与したかを対照分析し、存在だけで因果としない。"", ""integration"": ""一般概念：結果の違いに何が関わるかを見る。 TAL Operationalisation：結果に寄与する要因としての役割を扱う。"", ""formation"": ""結果に寄与する要因としての役割を扱う。"", ""publicDefinition"": ""結果に寄与する要因としての役割を扱う。""}","{""term"": ""Factor"", ""jp"": ""要因・因子"", ""layer"": ""Case-dependent"", ""frameworkStatus"": ""Supplementary"", ""guidance"": ""結果の違いに何が関わるかを見る。 Factorは関与要因、Driverは方向・勢いに強く関わる要因という焦点。"", ""primer"": ""TALでの入口：音楽が意味形成に寄与したかを対照分析し、存在だけで因果としない。"", ""process"": ""結果の差を見つける → 関与する変数を挙げる → 交絡や代替説明を調べる → 寄与の条件を絞る TALでは、音楽が意味形成に寄与したかを対照分析し、存在だけで因果としない。"", ""integration"": ""一般概念：結果の違いに何が関わるかを見る。 TAL Operationalisation：結果に寄与する要因としての役割を扱う。"", ""formation"": ""結果に寄与する要因としての役割を扱う。"", ""publicDefinition"": ""結果に寄与する要因としての役割を扱う。""}",ある効果に関係する要因と、正式に定められたIndexを分ける。音がCTIに関係しそうでも新しいCTI下位指標を作らない。,Anime:JudgementSystem.pdf p.1 + Work Prompt + v0.2 Public baseline,"2026-09-16 (receipt/inspection, not framework establishment)",Editorial / retained public proposal,v0.151 unchanged where present; full public v0.2 snapshot retained,Preserved exact object/base64
bridge-component,Relations-only specification retrofit,Component,Component,relations / productionImplication / revision / completionScope / contentRevision / claimEvidence / registryConnectionNote / editorialReviewStatus,"{""term"": ""Component"", ""jp"": ""構成部分・部品"", ""layer"": ""Case-dependent"", ""frameworkStatus"": ""Supplementary"", ""guidance"": ""どの全体の構成に参加している部分かを問う。 Componentは部分、Functionはある説明で選ぶ働き。"", ""primer"": ""TALでの入口：ショットや音楽トラックを、正式Score Elementと同じ単位にしない。"", ""process"": ""全体の境界を定める → 部分を特定する → 接続を調べる → 部分交換による全体の変化を試す TALでは、ショットや音楽トラックを、正式Score Elementと同じ単位にしない。"", ""integration"": ""一般概念：どの全体の構成に参加している部分かを問う。 TAL Operationalisation：構成の一部をなす部品・単位として扱う。"", ""formation"": ""構成の一部をなす部品・単位として扱う。"", ""publicDefinition"": ""構成の一部をなす部品・単位として扱う。""}","{""term"": ""Component"", ""jp"": ""構成部分・部品"", ""layer"": ""Case-dependent"", ""frameworkStatus"": ""Supplementary"", ""guidance"": ""どの全体の構成に参加している部分かを問う。 Componentは部分、Functionはある説明で選ぶ働き。"", ""primer"": ""TALでの入口：ショットや音楽トラックを、正式Score Elementと同じ単位にしない。"", ""process"": ""全体の境界を定める → 部分を特定する → 接続を調べる → 部分交換による全体の変化を試す TALでは、ショットや音楽トラックを、正式Score Elementと同じ単位にしない。"", ""integration"": ""一般概念：どの全体の構成に参加している部分かを問う。 TAL Operationalisation：構成の一部をなす部品・単位として扱う。"", ""formation"": ""構成の一部をなす部品・単位として扱う。"", ""publicDefinition"": ""構成の一部をなす部品・単位として扱う。""}",作品・装置を成す部品と評価上の指標を分ける。音楽トラックは部品として数えられても、その数はE5やE7の配点ではない。,Anime:JudgementSystem.pdf p.1 + Work Prompt + v0.2 Public baseline,"2026-09-16 (receipt/inspection, not framework establishment)",Editorial / retained public proposal,v0.151 unchanged where present; full public v0.2 snapshot retained,Preserved exact object/base64
bridge-affordance,Second-pass formal connection retrofit,Affordance,Affordance,relations / provenance / productionImplication / revision / boundarySummary / completionScope / contentRevision / claimEvidence / formalConnection / checks / recognitionDelta / editorialReviewStatus,"{""term"": ""Affordance"", ""jp"": ""アフォーダンス・行為可能性"", ""layer"": ""Case-dependent"", ""frameworkStatus"": ""Supplementary"", ""guidance"": ""誰にとって、この環境は何をする可能性を与えるか。 可能性と、それを示す知覚可能な手がかりを分ける。"", ""primer"": ""TALでの入口：誰がどの情報関係を取り出せるかを確認し、媒体の能力や表示の手がかりと区別する。"", ""process"": ""行為者の能力を確かめる → 環境の特徴を読む → 関係から可能な行為を見つける → 知覚・実行との差を試す TALでは、誰がどの情報関係を取り出せるかを確認し、媒体の能力や表示の手がかりと区別する。"", ""integration"": ""一般概念：誰にとって、この環境は何をする可能性を与えるか。 TAL Operationalisation：視聴者と視聴覚的構成の関係から利用可能になる知覚・認知・解釈の可能性を扱う。"", ""formation"": ""視聴者と視聴覚的構成の関係から利用可能になる知覚・認知・解釈の可能性を扱う。"", ""publicDefinition"": ""視聴者と視聴覚的構成の関係から利用可能になる知覚・認知・解釈の可能性を扱う。""}","{""term"": ""Affordance"", ""jp"": ""アフォーダンス・行為可能性"", ""layer"": ""Case-dependent"", ""frameworkStatus"": ""Supplementary"", ""guidance"": ""誰にとって、この環境は何をする可能性を与えるか。 可能性と、それを示す知覚可能な手がかりを分ける。"", ""primer"": ""TALでの入口：誰がどの情報関係を取り出せるかを確認し、媒体の能力や表示の手がかりと区別する。"", ""process"": ""行為者の能力を確かめる → 環境の特徴を読む → 関係から可能な行為を見つける → 知覚・実行との差を試す TALでは、誰がどの情報関係を取り出せるかを確認し、媒体の能力や表示の手がかりと区別する。"", ""integration"": ""一般概念：誰にとって、この環境は何をする可能性を与えるか。 TAL Operationalisation：視聴者と視聴覚的構成の関係から利用可能になる知覚・認知・解釈の可能性を扱う。"", ""formation"": ""視聴者と視聴覚的構成の関係から利用可能になる知覚・認知・解釈の可能性を扱う。"", ""publicDefinition"": ""視聴者と視聴覚的構成の関係から利用可能になる知覚・認知・解釈の可能性を扱う。""}",E9は誰にどの認知可能性が開かれるかを問う正式Potential Index。媒体のCapabilityや使えるという実績と分ける。,Anime:JudgementSystem.pdf p.1 + Work Prompt + v0.2 Public baseline,"2026-09-16 (receipt/inspection, not framework establishment)",Editorial / retained public proposal,v0.151 unchanged where present; full public v0.2 snapshot retained,Preserved exact object/base64
bridge-capability,Second-pass formal connection retrofit,Capability,Capability,relations / provenance / productionImplication / revision / boundarySummary / completionScope / contentRevision / claimEvidence / formalConnection / checks / recognitionDelta / editorialReviewStatus,"{""term"": ""Capability"", ""jp"": ""能力・実行可能な力"", ""layer"": ""Case-dependent"", ""frameworkStatus"": ""Supplementary"", ""guidance"": ""どの条件で、誰・何が何を実行できるか。 できることと、説明上期待される働きを分ける。"", ""primer"": ""TALでの入口：制作可能な表現が、そのまま視聴者の認知可能性になったと推定しない。"", ""process"": ""主体を定める → 実行課題を示す → 条件を変えて試す → 限界を記録する TALでは、制作可能な表現が、そのまま視聴者の認知可能性になったと推定しない。"", ""integration"": ""一般概念：どの条件で、誰・何が何を実行できるか。 TAL Operationalisation：媒体・制作システム・物語システムが実行・生成できる能力を扱う。"", ""formation"": ""媒体・制作システム・物語システムが実行・生成できる能力を扱う。"", ""publicDefinition"": ""媒体・制作システム・物語システムが実行・生成できる能力を扱う。""}","{""term"": ""Capability"", ""jp"": ""能力・実行可能な力"", ""layer"": ""Case-dependent"", ""frameworkStatus"": ""Supplementary"", ""guidance"": ""どの条件で、誰・何が何を実行できるか。 できることと、説明上期待される働きを分ける。"", ""primer"": ""TALでの入口：制作可能な表現が、そのまま視聴者の認知可能性になったと推定しない。"", ""process"": ""主体を定める → 実行課題を示す → 条件を変えて試す → 限界を記録する TALでは、制作可能な表現が、そのまま視聴者の認知可能性になったと推定しない。"", ""integration"": ""一般概念：どの条件で、誰・何が何を実行できるか。 TAL Operationalisation：媒体・制作システム・物語システムが実行・生成できる能力を扱う。"", ""formation"": ""媒体・制作システム・物語システムが実行・生成できる能力を扱う。"", ""publicDefinition"": ""媒体・制作システム・物語システムが実行・生成できる能力を扱う。""}",E9の認知可能域を論じる前に、媒体・装置が何を行えるかと受け手が何を取り出せるかを分ける。,Anime:JudgementSystem.pdf p.1 + Work Prompt + v0.2 Public baseline,"2026-09-16 (receipt/inspection, not framework establishment)",Editorial / retained public proposal,v0.151 unchanged where present; full public v0.2 snapshot retained,Preserved exact object/base64
bridge-feature,Retained after audit,Feature,Feature,productionImplication / completionScope / contentRevision / claimEvidence / editorialReviewStatus,"{""term"": ""Feature"", ""jp"": ""特徴・機能項目"", ""layer"": ""Case-dependent"", ""frameworkStatus"": ""Supplementary"", ""guidance"": ""何を備えているかを記述する。 備える特徴だけで、課題を達成する能力は保証できない。"", ""primer"": ""TALでの入口：高解像度や複雑な設定があることと、理解や意味生成への効果を分ける。"", ""process"": ""対象を観察する → 備わる特徴を列挙する → 実行可能性との関係を調べる → 使用条件で反例を探す TALでは、高解像度や複雑な設定があることと、理解や意味生成への効果を分ける。"", ""integration"": ""一般概念：何を備えているかを記述する。 TAL Operationalisation：観察・指定できる特徴を扱う。"", ""formation"": ""観察・指定できる特徴を扱う。"", ""publicDefinition"": ""観察・指定できる特徴を扱う。""}","{""term"": ""Feature"", ""jp"": ""特徴・機能項目"", ""layer"": ""Case-dependent"", ""frameworkStatus"": ""Supplementary"", ""guidance"": ""何を備えているかを記述する。 備える特徴だけで、課題を達成する能力は保証できない。"", ""primer"": ""TALでの入口：高解像度や複雑な設定があることと、理解や意味生成への効果を分ける。"", ""process"": ""対象を観察する → 備わる特徴を列挙する → 実行可能性との関係を調べる → 使用条件で反例を探す TALでは、高解像度や複雑な設定があることと、理解や意味生成への効果を分ける。"", ""integration"": ""一般概念：何を備えているかを記述する。 TAL Operationalisation：観察・指定できる特徴を扱う。"", ""formation"": ""観察・指定できる特徴を扱う。"", ""publicDefinition"": ""観察・指定できる特徴を扱う。""}",既存5段階を保持。今回の変更は共有Methodologyの分離・参照ラベル等の整合のみ。,Anime:JudgementSystem.pdf p.1 + Work Prompt + v0.2 Public baseline,"2026-09-16 (receipt/inspection, not framework establishment)",Editorial / retained public proposal,v0.151 unchanged where present; full public v0.2 snapshot retained,Preserved exact object/base64
bridge-signifier,Retained after audit,Signifier,Signifier,productionImplication / completionScope / contentRevision / claimEvidence / editorialReviewStatus,"{""term"": ""Signifier"", ""jp"": ""シグニファイア・手がかり"", ""layer"": ""Case-dependent"", ""frameworkStatus"": ""Supplementary"", ""guidance"": ""何が可能・適切かを何が知らせるか。 示唆は実際の行為可能性の保証ではない。"", ""primer"": ""TALでの入口：音の反復が関係を示していても、受け手がその関係を利用できるかを別に問う。"", ""process"": ""行為の候補を探す → 手がかりを知覚する → 意味を解釈する → 実際の可能性と照合する TALでは、音の反復が関係を示していても、受け手がその関係を利用できるかを別に問う。"", ""integration"": ""一般概念：何が可能・適切かを何が知らせるか。 TAL Operationalisation：視聴者に読み方や関係を示唆する知覚可能な手がかりを扱う。"", ""formation"": ""視聴者に読み方や関係を示唆する知覚可能な手がかりを扱う。"", ""publicDefinition"": ""視聴者に読み方や関係を示唆する知覚可能な手がかりを扱う。""}","{""term"": ""Signifier"", ""jp"": ""シグニファイア・手がかり"", ""layer"": ""Case-dependent"", ""frameworkStatus"": ""Supplementary"", ""guidance"": ""何が可能・適切かを何が知らせるか。 示唆は実際の行為可能性の保証ではない。"", ""primer"": ""TALでの入口：音の反復が関係を示していても、受け手がその関係を利用できるかを別に問う。"", ""process"": ""行為の候補を探す → 手がかりを知覚する → 意味を解釈する → 実際の可能性と照合する TALでは、音の反復が関係を示していても、受け手がその関係を利用できるかを別に問う。"", ""integration"": ""一般概念：何が可能・適切かを何が知らせるか。 TAL Operationalisation：視聴者に読み方や関係を示唆する知覚可能な手がかりを扱う。"", ""formation"": ""視聴者に読み方や関係を示唆する知覚可能な手がかりを扱う。"", ""publicDefinition"": ""視聴者に読み方や関係を示唆する知覚可能な手がかりを扱う。""}",既存5段階を保持。今回の変更は共有Methodologyの分離・参照ラベル等の整合のみ。,Anime:JudgementSystem.pdf p.1 + Work Prompt + v0.2 Public baseline,"2026-09-16 (receipt/inspection, not framework establishment)",Editorial / retained public proposal,v0.151 unchanged where present; full public v0.2 snapshot retained,Preserved exact object/base64
bridge-constraint,Retained after audit,Constraint,Constraint,productionImplication / completionScope / contentRevision / claimEvidence / editorialReviewStatus,"{""term"": ""Constraint"", ""jp"": ""制約"", ""layer"": ""Case-dependent"", ""frameworkStatus"": ""Supplementary"", ""guidance"": ""可能な選択の範囲を何が形づくるか。 制約は可能性の条件、障害は達成を妨げるものという焦点。"", ""primer"": ""TALでの入口：一般概念としての制約と、特定場面でConstraintとして働く分析機能を分ける。"", ""process"": ""可能な案を開く → 成立条件を特定する → 許される範囲を絞る → 制約変更の効果を試す TALでは、一般概念としての制約と、特定場面でConstraintとして働く分析機能を分ける。"", ""integration"": ""一般概念：可能な選択の範囲を何が形づくるか。 TAL Operationalisation：選択・行為・解釈の可能な範囲を限定し、形づくる条件を扱う。"", ""formation"": ""選択・行為・解釈の可能な範囲を限定し、形づくる条件を扱う。"", ""publicDefinition"": ""選択・行為・解釈の可能な範囲を限定し、形づくる条件を扱う。""}","{""term"": ""Constraint"", ""jp"": ""制約"", ""layer"": ""Case-dependent"", ""frameworkStatus"": ""Supplementary"", ""guidance"": ""可能な選択の範囲を何が形づくるか。 制約は可能性の条件、障害は達成を妨げるものという焦点。"", ""primer"": ""TALでの入口：一般概念としての制約と、特定場面でConstraintとして働く分析機能を分ける。"", ""process"": ""可能な案を開く → 成立条件を特定する → 許される範囲を絞る → 制約変更の効果を試す TALでは、一般概念としての制約と、特定場面でConstraintとして働く分析機能を分ける。"", ""integration"": ""一般概念：可能な選択の範囲を何が形づくるか。 TAL Operationalisation：選択・行為・解釈の可能な範囲を限定し、形づくる条件を扱う。"", ""formation"": ""選択・行為・解釈の可能な範囲を限定し、形づくる条件を扱う。"", ""publicDefinition"": ""選択・行為・解釈の可能な範囲を限定し、形づくる条件を扱う。""}",既存5段階を保持。今回の変更は共有Methodologyの分離・参照ラベル等の整合のみ。,Anime:JudgementSystem.pdf p.1 + Work Prompt + v0.2 Public baseline,"2026-09-16 (receipt/inspection, not framework establishment)",Editorial / retained public proposal,v0.151 unchanged where present; full public v0.2 snapshot retained,Preserved exact object/base64
bridge-specification,Retained after audit,Specification,Specification,productionImplication / completionScope / contentRevision / claimEvidence / editorialReviewStatus,"{""term"": ""Specification"", ""jp"": ""仕様・明示された要求条件"", ""layer"": ""Case-dependent"", ""frameworkStatus"": ""Supplementary"", ""guidance"": ""何が満たされればよいかを検査可能にする。 満たすべき条件と、実際に備わった特徴を区別する。"", ""primer"": ""TALでの入口：E7 / E9の正式名称と、観察された作品の特徴を混ぜない。"", ""process"": ""必要を把握する → 条件を明文化する → 検証方法を添える → 実現案との対応を追う TALでは、E7 / E9の正式名称と、観察された作品の特徴を混ぜない。"", ""integration"": ""一般概念：何が満たされればよいかを検査可能にする。 TAL Operationalisation：要求する振る舞い・構成・条件を明示した記述を扱う。"", ""formation"": ""要求する振る舞い・構成・条件を明示した記述を扱う。"", ""publicDefinition"": ""要求する振る舞い・構成・条件を明示した記述を扱う。""}","{""term"": ""Specification"", ""jp"": ""仕様・明示された要求条件"", ""layer"": ""Case-dependent"", ""frameworkStatus"": ""Supplementary"", ""guidance"": ""何が満たされればよいかを検査可能にする。 満たすべき条件と、実際に備わった特徴を区別する。"", ""primer"": ""TALでの入口：E7 / E9の正式名称と、観察された作品の特徴を混ぜない。"", ""process"": ""必要を把握する → 条件を明文化する → 検証方法を添える → 実現案との対応を追う TALでは、E7 / E9の正式名称と、観察された作品の特徴を混ぜない。"", ""integration"": ""一般概念：何が満たされればよいかを検査可能にする。 TAL Operationalisation：要求する振る舞い・構成・条件を明示した記述を扱う。"", ""formation"": ""要求する振る舞い・構成・条件を明示した記述を扱う。"", ""publicDefinition"": ""要求する振る舞い・構成・条件を明示した記述を扱う。""}",既存5段階を保持。今回の変更は共有Methodologyの分離・参照ラベル等の整合のみ。,Anime:JudgementSystem.pdf p.1 + Work Prompt + v0.2 Public baseline,"2026-09-16 (receipt/inspection, not framework establishment)",Editorial / retained public proposal,v0.151 unchanged where present; full public v0.2 snapshot retained,Preserved exact object/base64
bridge-subject,Retained after audit,Subject,Subject,productionImplication / completionScope / contentRevision / claimEvidence / editorialReviewStatus,"{""term"": ""Subject"", ""jp"": ""主体・主観の位置・主題"", ""layer"": ""Case-dependent"", ""frameworkStatus"": ""Supplementary"", ""guidance"": ""経験・判断はどの位置から成立しているか。 経験・判断の位置と、行為を開始・担う役割は一致するとは限らない。"", ""primer"": ""TALでの入口：視聴者・語り手・登場人物の誰の認識かを指定し、行為主体Agentと区別する。"", ""process"": ""経験を記録する → 誰の立場かを定める → 対象との関係を読む → 行為の役割と区別する TALでは、視聴者・語り手・登場人物の誰の認識かを指定し、行為主体Agentと区別する。"", ""integration"": ""一般概念：経験・判断はどの位置から成立しているか。 TAL Operationalisation：経験・認識・記述において主体として置かれる位置を扱う。"", ""formation"": ""経験・認識・記述において主体として置かれる位置を扱う。"", ""publicDefinition"": ""経験・認識・記述において主体として置かれる位置を扱う。""}","{""term"": ""Subject"", ""jp"": ""主体・主観の位置・主題"", ""layer"": ""Case-dependent"", ""frameworkStatus"": ""Supplementary"", ""guidance"": ""経験・判断はどの位置から成立しているか。 経験・判断の位置と、行為を開始・担う役割は一致するとは限らない。"", ""primer"": ""TALでの入口：視聴者・語り手・登場人物の誰の認識かを指定し、行為主体Agentと区別する。"", ""process"": ""経験を記録する → 誰の立場かを定める → 対象との関係を読む → 行為の役割と区別する TALでは、視聴者・語り手・登場人物の誰の認識かを指定し、行為主体Agentと区別する。"", ""integration"": ""一般概念：経験・判断はどの位置から成立しているか。 TAL Operationalisation：経験・認識・記述において主体として置かれる位置を扱う。"", ""formation"": ""経験・認識・記述において主体として置かれる位置を扱う。"", ""publicDefinition"": ""経験・認識・記述において主体として置かれる位置を扱う。""}",既存5段階を保持。今回の変更は共有Methodologyの分離・参照ラベル等の整合のみ。,Anime:JudgementSystem.pdf p.1 + Work Prompt + v0.2 Public baseline,"2026-09-16 (receipt/inspection, not framework establishment)",Editorial / retained public proposal,v0.151 unchanged where present; full public v0.2 snapshot retained,Preserved exact object/base64
bridge-object,Retained after audit,Object,Object,productionImplication / completionScope / contentRevision / claimEvidence / editorialReviewStatus,"{""term"": ""Object"", ""jp"": ""対象・客体・物体"", ""layer"": ""Case-dependent"", ""frameworkStatus"": ""Supplementary"", ""guidance"": ""何に向けられた関係なのかを問う。 Objectは関係の対象、Thingは何か一つのものとしての焦点。"", ""primer"": ""TALでの入口：物理的な物体だけでなく、記憶や制度が分析対象になる場合も区別する。"", ""process"": ""見る・望む・調べる関係を選ぶ → 向け先を特定する → 誰にとっての対象かを示す → 別の関係で役割を変える TALでは、物理的な物体だけでなく、記憶や制度が分析対象になる場合も区別する。"", ""integration"": ""一般概念：何に向けられた関係なのかを問う。 TAL Operationalisation：認識・行為・分析が向かう対象としての役割を扱う。"", ""formation"": ""認識・行為・分析が向かう対象としての役割を扱う。"", ""publicDefinition"": ""認識・行為・分析が向かう対象としての役割を扱う。""}","{""term"": ""Object"", ""jp"": ""対象・客体・物体"", ""layer"": ""Case-dependent"", ""frameworkStatus"": ""Supplementary"", ""guidance"": ""何に向けられた関係なのかを問う。 Objectは関係の対象、Thingは何か一つのものとしての焦点。"", ""primer"": ""TALでの入口：物理的な物体だけでなく、記憶や制度が分析対象になる場合も区別する。"", ""process"": ""見る・望む・調べる関係を選ぶ → 向け先を特定する → 誰にとっての対象かを示す → 別の関係で役割を変える TALでは、物理的な物体だけでなく、記憶や制度が分析対象になる場合も区別する。"", ""integration"": ""一般概念：何に向けられた関係なのかを問う。 TAL Operationalisation：認識・行為・分析が向かう対象としての役割を扱う。"", ""formation"": ""認識・行為・分析が向かう対象としての役割を扱う。"", ""publicDefinition"": ""認識・行為・分析が向かう対象としての役割を扱う。""}",既存5段階を保持。今回の変更は共有Methodologyの分離・参照ラベル等の整合のみ。,Anime:JudgementSystem.pdf p.1 + Work Prompt + v0.2 Public baseline,"2026-09-16 (receipt/inspection, not framework establishment)",Editorial / retained public proposal,v0.151 unchanged where present; full public v0.2 snapshot retained,Preserved exact object/base64
bridge-agent,Retained after audit,Agent,Agent,productionImplication / completionScope / contentRevision / claimEvidence / editorialReviewStatus,"{""term"": ""Agent"", ""jp"": ""行為主体・作用主体・代理人"", ""layer"": ""Case-dependent"", ""frameworkStatus"": ""Supplementary"", ""guidance"": ""何が行為を開始し、または担っているか。 作用の役割と、個体・人格・規範的同一性を区別する。"", ""primer"": ""TALでの入口：視点を持つ人物と、実際に行為を選択できる人物を区別する。"", ""process"": ""出来事を追う → 行為・作用の担い手を特定する → 意図・制御の条件を問う → 責任帰属を別に検討する TALでは、視点を持つ人物と、実際に行為を選択できる人物を区別する。"", ""integration"": ""一般概念：何が行為を開始し、または担っているか。 TAL Operationalisation：状況内で行為や因果への働きかけを担う主体を扱う。"", ""formation"": ""状況内で行為や因果への働きかけを担う主体を扱う。"", ""publicDefinition"": ""状況内で行為や因果への働きかけを担う主体を扱う。""}","{""term"": ""Agent"", ""jp"": ""行為主体・作用主体・代理人"", ""layer"": ""Case-dependent"", ""frameworkStatus"": ""Supplementary"", ""guidance"": ""何が行為を開始し、または担っているか。 作用の役割と、個体・人格・規範的同一性を区別する。"", ""primer"": ""TALでの入口：視点を持つ人物と、実際に行為を選択できる人物を区別する。"", ""process"": ""出来事を追う → 行為・作用の担い手を特定する → 意図・制御の条件を問う → 責任帰属を別に検討する TALでは、視点を持つ人物と、実際に行為を選択できる人物を区別する。"", ""integration"": ""一般概念：何が行為を開始し、または担っているか。 TAL Operationalisation：状況内で行為や因果への働きかけを担う主体を扱う。"", ""formation"": ""状況内で行為や因果への働きかけを担う主体を扱う。"", ""publicDefinition"": ""状況内で行為や因果への働きかけを担う主体を扱う。""}",既存5段階を保持。今回の変更は共有Methodologyの分離・参照ラベル等の整合のみ。,Anime:JudgementSystem.pdf p.1 + Work Prompt + v0.2 Public baseline,"2026-09-16 (receipt/inspection, not framework establishment)",Editorial / retained public proposal,v0.151 unchanged where present; full public v0.2 snapshot retained,Preserved exact object/base64
bridge-objectivity,Second-pass formal connection retrofit,Objectivity,Objectivity,relations / provenance / productionImplication / revision / boundarySummary / completionScope / contentRevision / claimEvidence / formalConnection / checks / recognitionDelta / editorialReviewStatus,"{""term"": ""Objectivity"", ""jp"": ""客観性"", ""layer"": ""Case-dependent"", ""frameworkStatus"": ""Supplementary"", ""guidance"": ""他者が根拠と手続を吟味できるように、判断をどう支えるか。 主観的経験の存在は客観性を直ちに否定しない。"", ""primer"": ""TALでの入口：主観的観察を保存し、基準と反証を通じて比較可能な分析へ進める。"", ""process"": ""経験を保存する → 判断条件を明示する → 比較と反証へ開く → 修正と再検証を行う TALでは、主観的観察を保存し、基準と反証を通じて比較可能な分析へ進める。"", ""integration"": ""一般概念：他者が根拠と手続を吟味できるように、判断をどう支えるか。 TAL Operationalisation：手順・根拠・対照を共有して検討可能性を高める方法的性質を扱う。"", ""formation"": ""手順・根拠・対照を共有して検討可能性を高める方法的性質を扱う。"", ""publicDefinition"": ""手順・根拠・対照を共有して検討可能性を高める方法的性質を扱う。""}","{""term"": ""Objectivity"", ""jp"": ""客観性"", ""layer"": ""Case-dependent"", ""frameworkStatus"": ""Supplementary"", ""guidance"": ""他者が根拠と手続を吟味できるように、判断をどう支えるか。 主観的経験の存在は客観性を直ちに否定しない。"", ""primer"": ""TALでの入口：主観的観察を保存し、基準と反証を通じて比較可能な分析へ進める。"", ""process"": ""経験を保存する → 判断条件を明示する → 比較と反証へ開く → 修正と再検証を行う TALでは、主観的観察を保存し、基準と反証を通じて比較可能な分析へ進める。"", ""integration"": ""一般概念：他者が根拠と手続を吟味できるように、判断をどう支えるか。 TAL Operationalisation：手順・根拠・対照を共有して検討可能性を高める方法的性質を扱う。"", ""formation"": ""手順・根拠・対照を共有して検討可能性を高める方法的性質を扱う。"", ""publicDefinition"": ""手順・根拠・対照を共有して検討可能性を高める方法的性質を扱う。""}",CTIで比較可能な検討を目指すなら、認識変化の根拠と手続きを共有する。数値化や複数人の一致だけで客観性を保証しない。,Anime:JudgementSystem.pdf p.1 + Work Prompt + v0.2 Public baseline,"2026-09-16 (receipt/inspection, not framework establishment)",Editorial / retained public proposal,v0.151 unchanged where present; full public v0.2 snapshot retained,Preserved exact object/base64
bridge-subjectivity,Second-pass formal connection retrofit,Subjectivity,Subjectivity,relations / provenance / productionImplication / revision / boundarySummary / completionScope / contentRevision / claimEvidence / formalConnection / checks / recognitionDelta / editorialReviewStatus,"{""term"": ""Subjectivity"", ""jp"": ""主観性"", ""layer"": ""Case-dependent"", ""frameworkStatus"": ""Supplementary"", ""guidance"": ""経験・判断が特定の立場から与えられる条件を読む。 視点があることと、検証から閉ざされていることを分ける。"", ""primer"": ""TALでの入口：個人的な感情を記録しつつ、そのまま作品のClassに変換しない。"", ""process"": ""誰の経験かを残す → 条件と視点を記す → 記述と評価を分ける → 他者との比較に開く TALでは、個人的な感情を記録しつつ、そのまま作品のClassに変換しない。"", ""integration"": ""一般概念：経験・判断が特定の立場から与えられる条件を読む。 TAL Operationalisation：特定の視点・経験・位置から得られる認識を扱う。"", ""formation"": ""特定の視点・経験・位置から得られる認識を扱う。"", ""publicDefinition"": ""特定の視点・経験・位置から得られる認識を扱う。""}","{""term"": ""Subjectivity"", ""jp"": ""主観性"", ""layer"": ""Case-dependent"", ""frameworkStatus"": ""Supplementary"", ""guidance"": ""経験・判断が特定の立場から与えられる条件を読む。 視点があることと、検証から閉ざされていることを分ける。"", ""primer"": ""TALでの入口：個人的な感情を記録しつつ、そのまま作品のClassに変換しない。"", ""process"": ""誰の経験かを残す → 条件と視点を記す → 記述と評価を分ける → 他者との比較に開く TALでは、個人的な感情を記録しつつ、そのまま作品のClassに変換しない。"", ""integration"": ""一般概念：経験・判断が特定の立場から与えられる条件を読む。 TAL Operationalisation：特定の視点・経験・位置から得られる認識を扱う。"", ""formation"": ""特定の視点・経験・位置から得られる認識を扱う。"", ""publicDefinition"": ""特定の視点・経験・位置から得られる認識を扱う。""}",CTIの検討では観客の経験報告が対象になるが、報告だけで変容量や作品因果を確定しない。主観を排除することと検証可能性を混同しない。,Anime:JudgementSystem.pdf p.1 + Work Prompt + v0.2 Public baseline,"2026-09-16 (receipt/inspection, not framework establishment)",Editorial / retained public proposal,v0.151 unchanged where present; full public v0.2 snapshot retained,Preserved exact object/base64
bridge-mechanism,Second-pass formal connection retrofit,Mechanism,Mechanism,relations / provenance / productionImplication / revision / boundarySummary / completionScope / contentRevision / claimEvidence / formalConnection / checks / recognitionDelta / editorialReviewStatus,"{""term"": ""Mechanism"", ""jp"": ""仕組み・機構"", ""layer"": ""Case-dependent"", ""frameworkStatus"": ""Supplementary"", ""guidance"": ""その結果は、何の相互作用によって生じるか。 Processは時間的な進行、Mechanismは生じ方を支える組織・相互作用の説明。"", ""primer"": ""TALでの入口：音楽が注意を増幅する過程を、単に音楽が良いという評価から分ける。"", ""process"": ""説明したい現象を選ぶ → 関与する部分と活動を挙げる → 結び方を示す → 介入・反例で試す TALでは、音楽が注意を増幅する過程を、単に音楽が良いという評価から分ける。"", ""integration"": ""一般概念：その結果は、何の相互作用によって生じるか。 TAL Operationalisation：条件から効果へつながる具体的な作動過程を扱う。"", ""formation"": ""条件から効果へつながる具体的な作動過程を扱う。"", ""publicDefinition"": ""条件から効果へつながる具体的な作動過程を扱う。""}","{""term"": ""Mechanism"", ""jp"": ""仕組み・機構"", ""layer"": ""Case-dependent"", ""frameworkStatus"": ""Supplementary"", ""guidance"": ""その結果は、何の相互作用によって生じるか。 Processは時間的な進行、Mechanismは生じ方を支える組織・相互作用の説明。"", ""primer"": ""TALでの入口：音楽が注意を増幅する過程を、単に音楽が良いという評価から分ける。"", ""process"": ""説明したい現象を選ぶ → 関与する部分と活動を挙げる → 結び方を示す → 介入・反例で試す TALでは、音楽が注意を増幅する過程を、単に音楽が良いという評価から分ける。"", ""integration"": ""一般概念：その結果は、何の相互作用によって生じるか。 TAL Operationalisation：条件から効果へつながる具体的な作動過程を扱う。"", ""formation"": ""条件から効果へつながる具体的な作動過程を扱う。"", ""publicDefinition"": ""条件から効果へつながる具体的な作動過程を扱う。""}",E10では効果名や表層を移すのでなく、操作が働きを生む関係と成立条件を抽出する。仮説の機構と因果実証を分ける。,Anime:JudgementSystem.pdf p.1 + Work Prompt + v0.2 Public baseline,"2026-09-16 (receipt/inspection, not framework establishment)",Editorial / retained public proposal,v0.151 unchanged where present; full public v0.2 snapshot retained,Preserved exact object/base64
bridge-process,Retained after audit,Process,Process,productionImplication / completionScope / contentRevision / claimEvidence / editorialReviewStatus,"{""term"": ""Process"", ""jp"": ""過程・プロセス"", ""layer"": ""Case-dependent"", ""frameworkStatus"": ""Supplementary"", ""guidance"": ""何がどの順序・条件で変わっていくか。 時間的な進行と、関係の配置・パターンを区別する。"", ""primer"": ""TALでの入口：Core Chainや5段階理解を追い、すべてを固定した一方向の手順とみなさない。"", ""process"": ""開始状態を置く → 変化と活動を追う → 分岐・依存を記す → 結果と途中経過を照合する TALでは、Core Chainや5段階理解を追い、すべてを固定した一方向の手順とみなさない。"", ""integration"": ""一般概念：何がどの順序・条件で変わっていくか。 TAL Operationalisation：時間的に進む操作・変化の連なりを扱う。"", ""formation"": ""時間的に進む操作・変化の連なりを扱う。"", ""publicDefinition"": ""時間的に進む操作・変化の連なりを扱う。""}","{""term"": ""Process"", ""jp"": ""過程・プロセス"", ""layer"": ""Case-dependent"", ""frameworkStatus"": ""Supplementary"", ""guidance"": ""何がどの順序・条件で変わっていくか。 時間的な進行と、関係の配置・パターンを区別する。"", ""primer"": ""TALでの入口：Core Chainや5段階理解を追い、すべてを固定した一方向の手順とみなさない。"", ""process"": ""開始状態を置く → 変化と活動を追う → 分岐・依存を記す → 結果と途中経過を照合する TALでは、Core Chainや5段階理解を追い、すべてを固定した一方向の手順とみなさない。"", ""integration"": ""一般概念：何がどの順序・条件で変わっていくか。 TAL Operationalisation：時間的に進む操作・変化の連なりを扱う。"", ""formation"": ""時間的に進む操作・変化の連なりを扱う。"", ""publicDefinition"": ""時間的に進む操作・変化の連なりを扱う。""}",既存5段階を保持。今回の変更は共有Methodologyの分離・参照ラベル等の整合のみ。,Anime:JudgementSystem.pdf p.1 + Work Prompt + v0.2 Public baseline,"2026-09-16 (receipt/inspection, not framework establishment)",Editorial / retained public proposal,v0.151 unchanged where present; full public v0.2 snapshot retained,Preserved exact object/base64
bridge-loop,Retained after audit,Loop,Loop,productionImplication / completionScope / contentRevision / claimEvidence / editorialReviewStatus,"{""term"": ""Loop"", ""jp"": ""ループ・戻り構造"", ""layer"": ""Case-dependent"", ""frameworkStatus"": ""Supplementary"", ""guidance"": ""どこからどこへ戻ってつながるか。 戻る形だけでは結果を用いた調整は成立しない。"", ""primer"": ""TALでの入口：映像や物語の回帰を記述し、自己参照的な適用や再解釈とは区別する。"", ""process"": ""経路を追う → 戻り先を特定する → 一巡の条件を記す → 情報の帰還と区別する TALでは、映像や物語の回帰を記述し、自己参照的な適用や再解釈とは区別する。"", ""integration"": ""一般概念：どこからどこへ戻ってつながるか。 TAL Operationalisation：経路が戻る循環構造を扱う。"", ""formation"": ""経路が戻る循環構造を扱う。"", ""publicDefinition"": ""経路が戻る循環構造を扱う。""}","{""term"": ""Loop"", ""jp"": ""ループ・戻り構造"", ""layer"": ""Case-dependent"", ""frameworkStatus"": ""Supplementary"", ""guidance"": ""どこからどこへ戻ってつながるか。 戻る形だけでは結果を用いた調整は成立しない。"", ""primer"": ""TALでの入口：映像や物語の回帰を記述し、自己参照的な適用や再解釈とは区別する。"", ""process"": ""経路を追う → 戻り先を特定する → 一巡の条件を記す → 情報の帰還と区別する TALでは、映像や物語の回帰を記述し、自己参照的な適用や再解釈とは区別する。"", ""integration"": ""一般概念：どこからどこへ戻ってつながるか。 TAL Operationalisation：経路が戻る循環構造を扱う。"", ""formation"": ""経路が戻る循環構造を扱う。"", ""publicDefinition"": ""経路が戻る循環構造を扱う。""}",既存5段階を保持。今回の変更は共有Methodologyの分離・参照ラベル等の整合のみ。,Anime:JudgementSystem.pdf p.1 + Work Prompt + v0.2 Public baseline,"2026-09-16 (receipt/inspection, not framework establishment)",Editorial / retained public proposal,v0.151 unchanged where present; full public v0.2 snapshot retained,Preserved exact object/base64
bridge-cycle,Retained after audit,Cycle,Cycle,productionImplication / completionScope / contentRevision / claimEvidence / editorialReviewStatus,"{""term"": ""Cycle"", ""jp"": ""周期・循環"", ""layer"": ""Case-dependent"", ""frameworkStatus"": ""Supplementary"", ""guidance"": ""どの相が巡り、再び現れるか。 相の巡りと、手続きを繰り返すことは焦点が違う。"", ""primer"": ""TALでの入口：各話の反復周期が同じでも、意味や機能が変化しているかを調べる。"", ""process"": ""相を区分する → 巡る順序を追う → 一巡を同定する → 周期・変動・逸脱を調べる TALでは、各話の反復周期が同じでも、意味や機能が変化しているかを調べる。"", ""integration"": ""一般概念：どの相が巡り、再び現れるか。 TAL Operationalisation：段階を巡って再び戻る周期を扱う。"", ""formation"": ""段階を巡って再び戻る周期を扱う。"", ""publicDefinition"": ""段階を巡って再び戻る周期を扱う。""}","{""term"": ""Cycle"", ""jp"": ""周期・循環"", ""layer"": ""Case-dependent"", ""frameworkStatus"": ""Supplementary"", ""guidance"": ""どの相が巡り、再び現れるか。 相の巡りと、手続きを繰り返すことは焦点が違う。"", ""primer"": ""TALでの入口：各話の反復周期が同じでも、意味や機能が変化しているかを調べる。"", ""process"": ""相を区分する → 巡る順序を追う → 一巡を同定する → 周期・変動・逸脱を調べる TALでは、各話の反復周期が同じでも、意味や機能が変化しているかを調べる。"", ""integration"": ""一般概念：どの相が巡り、再び現れるか。 TAL Operationalisation：段階を巡って再び戻る周期を扱う。"", ""formation"": ""段階を巡って再び戻る周期を扱う。"", ""publicDefinition"": ""段階を巡って再び戻る周期を扱う。""}",既存5段階を保持。今回の変更は共有Methodologyの分離・参照ラベル等の整合のみ。,Anime:JudgementSystem.pdf p.1 + Work Prompt + v0.2 Public baseline,"2026-09-16 (receipt/inspection, not framework establishment)",Editorial / retained public proposal,v0.151 unchanged where present; full public v0.2 snapshot retained,Preserved exact object/base64
bridge-recursion,Retained after audit,Recursion,Recursion,productionImplication / completionScope / contentRevision / claimEvidence / editorialReviewStatus,"{""term"": ""Recursion"", ""jp"": ""再帰"", ""layer"": ""Case-dependent"", ""frameworkStatus"": ""Supplementary"", ""guidance"": ""同じ規則が、自分の一部・結果へ再び適用されるか。 自己適用・再入と、単なる反復実行を区別する。"", ""primer"": ""TALでの入口：単なる再登場を再帰と呼ばず、何が何へ再適用されたかを示す。"", ""process"": ""規則を定める → 同じ規則を適用する下位問題を示す → 基底・停止条件を問う → 戻った結果を統合する TALでは、単なる再登場を再帰と呼ばず、何が何へ再適用されたかを示す。"", ""integration"": ""一般概念：同じ規則が、自分の一部・結果へ再び適用されるか。 TAL Operationalisation：操作や定義が自身の構造を再び参照・適用する関係を扱う。"", ""formation"": ""操作や定義が自身の構造を再び参照・適用する関係を扱う。"", ""publicDefinition"": ""操作や定義が自身の構造を再び参照・適用する関係を扱う。""}","{""term"": ""Recursion"", ""jp"": ""再帰"", ""layer"": ""Case-dependent"", ""frameworkStatus"": ""Supplementary"", ""guidance"": ""同じ規則が、自分の一部・結果へ再び適用されるか。 自己適用・再入と、単なる反復実行を区別する。"", ""primer"": ""TALでの入口：単なる再登場を再帰と呼ばず、何が何へ再適用されたかを示す。"", ""process"": ""規則を定める → 同じ規則を適用する下位問題を示す → 基底・停止条件を問う → 戻った結果を統合する TALでは、単なる再登場を再帰と呼ばず、何が何へ再適用されたかを示す。"", ""integration"": ""一般概念：同じ規則が、自分の一部・結果へ再び適用されるか。 TAL Operationalisation：操作や定義が自身の構造を再び参照・適用する関係を扱う。"", ""formation"": ""操作や定義が自身の構造を再び参照・適用する関係を扱う。"", ""publicDefinition"": ""操作や定義が自身の構造を再び参照・適用する関係を扱う。""}",既存5段階を保持。今回の変更は共有Methodologyの分離・参照ラベル等の整合のみ。,Anime:JudgementSystem.pdf p.1 + Work Prompt + v0.2 Public baseline,"2026-09-16 (receipt/inspection, not framework establishment)",Editorial / retained public proposal,v0.151 unchanged where present; full public v0.2 snapshot retained,Preserved exact object/base64
bridge-iteration,Retained after audit,Iteration,Iteration,productionImplication / completionScope / contentRevision / claimEvidence / editorialReviewStatus,"{""term"": ""Iteration"", ""jp"": ""反復・繰り返し実行"", ""layer"": ""Case-dependent"", ""frameworkStatus"": ""Supplementary"", ""guidance"": ""同じ手順を次の回として実行するか。 回数の増加と、基準上の改善は別。"", ""primer"": ""TALでの入口：分析の再実施・編集案の改訂と、作品内の同一モチーフの繰り返しを分ける。"", ""process"": ""手順を定める → 実行する → 次の実行条件を置く → 結果の差を比較する TALでは、分析の再実施・編集案の改訂と、作品内の同一モチーフの繰り返しを分ける。"", ""integration"": ""一般概念：同じ手順を次の回として実行するか。 TAL Operationalisation：手順を繰り返し、その結果を次の適用へつなぐ反復を扱う。"", ""formation"": ""手順を繰り返し、その結果を次の適用へつなぐ反復を扱う。"", ""publicDefinition"": ""手順を繰り返し、その結果を次の適用へつなぐ反復を扱う。""}","{""term"": ""Iteration"", ""jp"": ""反復・繰り返し実行"", ""layer"": ""Case-dependent"", ""frameworkStatus"": ""Supplementary"", ""guidance"": ""同じ手順を次の回として実行するか。 回数の増加と、基準上の改善は別。"", ""primer"": ""TALでの入口：分析の再実施・編集案の改訂と、作品内の同一モチーフの繰り返しを分ける。"", ""process"": ""手順を定める → 実行する → 次の実行条件を置く → 結果の差を比較する TALでは、分析の再実施・編集案の改訂と、作品内の同一モチーフの繰り返しを分ける。"", ""integration"": ""一般概念：同じ手順を次の回として実行するか。 TAL Operationalisation：手順を繰り返し、その結果を次の適用へつなぐ反復を扱う。"", ""formation"": ""手順を繰り返し、その結果を次の適用へつなぐ反復を扱う。"", ""publicDefinition"": ""手順を繰り返し、その結果を次の適用へつなぐ反復を扱う。""}",既存5段階を保持。今回の変更は共有Methodologyの分離・参照ラベル等の整合のみ。,Anime:JudgementSystem.pdf p.1 + Work Prompt + v0.2 Public baseline,"2026-09-16 (receipt/inspection, not framework establishment)",Editorial / retained public proposal,v0.151 unchanged where present; full public v0.2 snapshot retained,Preserved exact object/base64
bridge-feedback-loop,Retained after audit,Feedback Loop,Feedback Loop,productionImplication / completionScope / contentRevision / claimEvidence / editorialReviewStatus,"{""term"": ""Feedback Loop"", ""jp"": ""フィードバック・ループ"", ""layer"": ""Case-dependent"", ""frameworkStatus"": ""Supplementary"", ""guidance"": ""結果・状態の情報が戻り、後続の振る舞いへ作用するか。 情報を返すだけでなく振る舞いへ作用する経路を示す。"", ""primer"": ""TALでの入口：制作や人物行為の修正に何の情報が戻るかを追い、閉じた経路だけでFeedbackとしない。"", ""process"": ""結果を観測する → 情報を戻す → 動作・入力へ反映する → 閉じた影響の経路を調べる TALでは、制作や人物行為の修正に何の情報が戻るかを追い、閉じた経路だけでFeedbackとしない。"", ""integration"": ""一般概念：結果・状態の情報が戻り、後続の振る舞いへ作用するか。 TAL Operationalisation：結果の情報が次の入力・制御へ戻る循環を扱う。"", ""formation"": ""結果の情報が次の入力・制御へ戻る循環を扱う。"", ""publicDefinition"": ""結果の情報が次の入力・制御へ戻る循環を扱う。""}","{""term"": ""Feedback Loop"", ""jp"": ""フィードバック・ループ"", ""layer"": ""Case-dependent"", ""frameworkStatus"": ""Supplementary"", ""guidance"": ""結果・状態の情報が戻り、後続の振る舞いへ作用するか。 情報を返すだけでなく振る舞いへ作用する経路を示す。"", ""primer"": ""TALでの入口：制作や人物行為の修正に何の情報が戻るかを追い、閉じた経路だけでFeedbackとしない。"", ""process"": ""結果を観測する → 情報を戻す → 動作・入力へ反映する → 閉じた影響の経路を調べる TALでは、制作や人物行為の修正に何の情報が戻るかを追い、閉じた経路だけでFeedbackとしない。"", ""integration"": ""一般概念：結果・状態の情報が戻り、後続の振る舞いへ作用するか。 TAL Operationalisation：結果の情報が次の入力・制御へ戻る循環を扱う。"", ""formation"": ""結果の情報が次の入力・制御へ戻る循環を扱う。"", ""publicDefinition"": ""結果の情報が次の入力・制御へ戻る循環を扱う。""}",既存5段階を保持。今回の変更は共有Methodologyの分離・参照ラベル等の整合のみ。,Anime:JudgementSystem.pdf p.1 + Work Prompt + v0.2 Public baseline,"2026-09-16 (receipt/inspection, not framework establishment)",Editorial / retained public proposal,v0.151 unchanged where present; full public v0.2 snapshot retained,Preserved exact object/base64
bridge-improvement,Second-pass formal connection retrofit,Improvement,Improvement,relations / provenance / productionImplication / revision / boundarySummary / completionScope / contentRevision / claimEvidence / formalConnection / checks / recognitionDelta / editorialReviewStatus,"{""term"": ""Improvement"", ""jp"": ""改善・向上"", ""layer"": ""Case-dependent"", ""frameworkStatus"": ""Supplementary"", ""guidance"": ""何に照らして、前よりよくなったのか。 変化したことだけでは、よくなったとは言えない。"", ""primer"": ""TALでの入口：何がどのCriterionで改善したかを明示し、新しさや大きさを改善としない。"", ""process"": ""基準を明示する → 現状を記録する → 変更する → 同じ条件で比較し副作用も確認する TALでは、何がどのCriterionで改善したかを明示し、新しさや大きさを改善としない。"", ""integration"": ""一般概念：何に照らして、前よりよくなったのか。 TAL Operationalisation：指定した基準で以前より良くなる変化を扱う。"", ""formation"": ""指定した基準で以前より良くなる変化を扱う。"", ""publicDefinition"": ""指定した基準で以前より良くなる変化を扱う。""}","{""term"": ""Improvement"", ""jp"": ""改善・向上"", ""layer"": ""Case-dependent"", ""frameworkStatus"": ""Supplementary"", ""guidance"": ""何に照らして、前よりよくなったのか。 変化したことだけでは、よくなったとは言えない。"", ""primer"": ""TALでの入口：何がどのCriterionで改善したかを明示し、新しさや大きさを改善としない。"", ""process"": ""基準を明示する → 現状を記録する → 変更する → 同じ条件で比較し副作用も確認する TALでは、何がどのCriterionで改善したかを明示し、新しさや大きさを改善としない。"", ""integration"": ""一般概念：何に照らして、前よりよくなったのか。 TAL Operationalisation：指定した基準で以前より良くなる変化を扱う。"", ""formation"": ""指定した基準で以前より良くなる変化を扱う。"", ""publicDefinition"": ""指定した基準で以前より良くなる変化を扱う。""}",CTIで認識が変わったという証拠があっても、改善には別のCriterionが必要。数値の上昇や反応の強まりだけを良化としない。,Anime:JudgementSystem.pdf p.1 + Work Prompt + v0.2 Public baseline,"2026-09-16 (receipt/inspection, not framework establishment)",Editorial / retained public proposal,v0.151 unchanged where present; full public v0.2 snapshot retained,Preserved exact object/base64
bridge-change,Second-pass formal connection retrofit,Change,Change,relations / provenance / productionImplication / revision / boundarySummary / completionScope / contentRevision / claimEvidence / formalConnection / checks / recognitionDelta / editorialReviewStatus,"{""term"": ""Change"", ""jp"": ""変化・変更"", ""layer"": ""Case-dependent"", ""frameworkStatus"": ""Supplementary"", ""guidance"": ""前後で何が異なったかを、良し悪しの前に捉える。 差の成立と目標・方向に沿った進みを分ける。"", ""primer"": ""TALでの入口：Episode Deltaを記録するとき、変化そのものに良し悪しの符号を付けない。"", ""process"": ""比較時点を置く → 同一性の基準を保つ → 差を記述する → 価値判断は別の条件で行う TALでは、Episode Deltaを記録するとき、変化そのものに良し悪しの符号を付けない。"", ""integration"": ""一般概念：前後で何が異なったかを、良し悪しの前に捉える。 TAL Operationalisation：状態や構成が異なるものになる変化を扱う。"", ""formation"": ""状態や構成が異なるものになる変化を扱う。"", ""publicDefinition"": ""状態や構成が異なるものになる変化を扱う。""}","{""term"": ""Change"", ""jp"": ""変化・変更"", ""layer"": ""Case-dependent"", ""frameworkStatus"": ""Supplementary"", ""guidance"": ""前後で何が異なったかを、良し悪しの前に捉える。 差の成立と目標・方向に沿った進みを分ける。"", ""primer"": ""TALでの入口：Episode Deltaを記録するとき、変化そのものに良し悪しの符号を付けない。"", ""process"": ""比較時点を置く → 同一性の基準を保つ → 差を記述する → 価値判断は別の条件で行う TALでは、Episode Deltaを記録するとき、変化そのものに良し悪しの符号を付けない。"", ""integration"": ""一般概念：前後で何が異なったかを、良し悪しの前に捉える。 TAL Operationalisation：状態や構成が異なるものになる変化を扱う。"", ""formation"": ""状態や構成が異なるものになる変化を扱う。"", ""publicDefinition"": ""状態や構成が異なるものになる変化を扱う。""}",CTIの認識再構成と一般的な変化を分ける。情動や好みの変化だけで再構成を確定せず、変わったことを改善とも同一化しない。,Anime:JudgementSystem.pdf p.1 + Work Prompt + v0.2 Public baseline,"2026-09-16 (receipt/inspection, not framework establishment)",Editorial / retained public proposal,v0.151 unchanged where present; full public v0.2 snapshot retained,Preserved exact object/base64
bridge-progress,Retained after audit,Progress,Progress,productionImplication / completionScope / contentRevision / claimEvidence / editorialReviewStatus,"{""term"": ""Progress"", ""jp"": ""進展・進歩"", ""layer"": ""Case-dependent"", ""frameworkStatus"": ""Supplementary"", ""guidance"": ""どの方向・目標に向けて進んだと判断しているか。 目標へ近づくことと、他の基準を含む改善は同一でない。"", ""primer"": ""TALでの入口：何を進歩の方向とするかを明示し、個別指標の改善と混ぜない。"", ""process"": ""目標・方向を明示する → 到達位置を比べる → 犠牲になる軸を問う → 方向の正当性も再検討する TALでは、何を進歩の方向とするかを明示し、個別指標の改善と混ぜない。"", ""integration"": ""一般概念：どの方向・目標に向けて進んだと判断しているか。 TAL Operationalisation：目的や方向への前進と解釈される変化を扱う。"", ""formation"": ""目的や方向への前進と解釈される変化を扱う。"", ""publicDefinition"": ""目的や方向への前進と解釈される変化を扱う。""}","{""term"": ""Progress"", ""jp"": ""進展・進歩"", ""layer"": ""Case-dependent"", ""frameworkStatus"": ""Supplementary"", ""guidance"": ""どの方向・目標に向けて進んだと判断しているか。 目標へ近づくことと、他の基準を含む改善は同一でない。"", ""primer"": ""TALでの入口：何を進歩の方向とするかを明示し、個別指標の改善と混ぜない。"", ""process"": ""目標・方向を明示する → 到達位置を比べる → 犠牲になる軸を問う → 方向の正当性も再検討する TALでは、何を進歩の方向とするかを明示し、個別指標の改善と混ぜない。"", ""integration"": ""一般概念：どの方向・目標に向けて進んだと判断しているか。 TAL Operationalisation：目的や方向への前進と解釈される変化を扱う。"", ""formation"": ""目的や方向への前進と解釈される変化を扱う。"", ""publicDefinition"": ""目的や方向への前進と解釈される変化を扱う。""}",既存5段階を保持。今回の変更は共有Methodologyの分離・参照ラベル等の整合のみ。,Anime:JudgementSystem.pdf p.1 + Work Prompt + v0.2 Public baseline,"2026-09-16 (receipt/inspection, not framework establishment)",Editorial / retained public proposal,v0.151 unchanged where present; full public v0.2 snapshot retained,Preserved exact object/base64
bridge-optimization,Retained after audit,Optimisation,Optimisation,productionImplication / completionScope / contentRevision / claimEvidence / editorialReviewStatus,"{""term"": ""Optimisation"", ""jp"": ""最適化"", ""layer"": ""Case-dependent"", ""frameworkStatus"": ""Supplementary"", ""guidance"": ""どの目的関数と制約の下で、より望ましい解を探すか。 設定した目的への最適化と、広い価値の改善を区別する。"", ""primer"": ""TALでの入口：視聴維持や処理速度の最適化を、Framework全体の高度化と同一視しない。"", ""process"": ""目的・制約を定める → 候補を探索する → 指標で比較する → 妥当性・副作用・探索限界を確認する TALでは、視聴維持や処理速度の最適化を、Framework全体の高度化と同一視しない。"", ""integration"": ""一般概念：どの目的関数と制約の下で、より望ましい解を探すか。 TAL Operationalisation：目的関数と制約のもとで選択を調整する操作を扱う。"", ""formation"": ""目的関数と制約のもとで選択を調整する操作を扱う。"", ""publicDefinition"": ""目的関数と制約のもとで選択を調整する操作を扱う。""}","{""term"": ""Optimisation"", ""jp"": ""最適化"", ""layer"": ""Case-dependent"", ""frameworkStatus"": ""Supplementary"", ""guidance"": ""どの目的関数と制約の下で、より望ましい解を探すか。 設定した目的への最適化と、広い価値の改善を区別する。"", ""primer"": ""TALでの入口：視聴維持や処理速度の最適化を、Framework全体の高度化と同一視しない。"", ""process"": ""目的・制約を定める → 候補を探索する → 指標で比較する → 妥当性・副作用・探索限界を確認する TALでは、視聴維持や処理速度の最適化を、Framework全体の高度化と同一視しない。"", ""integration"": ""一般概念：どの目的関数と制約の下で、より望ましい解を探すか。 TAL Operationalisation：目的関数と制約のもとで選択を調整する操作を扱う。"", ""formation"": ""目的関数と制約のもとで選択を調整する操作を扱う。"", ""publicDefinition"": ""目的関数と制約のもとで選択を調整する操作を扱う。""}",既存5段階を保持。今回の変更は共有Methodologyの分離・参照ラベル等の整合のみ。,Anime:JudgementSystem.pdf p.1 + Work Prompt + v0.2 Public baseline,"2026-09-16 (receipt/inspection, not framework establishment)",Editorial / retained public proposal,v0.151 unchanged where present; full public v0.2 snapshot retained,Preserved exact object/base64
bridge-development,Retained after audit,Development,Development,productionImplication / completionScope / contentRevision / claimEvidence / editorialReviewStatus,"{""term"": ""Development"", ""jp"": ""発達・発展・開発"", ""layer"": ""Case-dependent"", ""frameworkStatus"": ""Supplementary"", ""guidance"": ""何が形成され、能力や構成が展開していくか。 形成・展開は、必ずしもすべての関係者にとって改善ではない。"", ""primer"": ""TALでの入口：長期シリーズが展開したことと、構造が改善・高度化したことを分ける。"", ""process"": ""初期条件を読む → 構成・能力の形成を追う → 環境との相互作用を調べる → 評価は基準を添える TALでは、長期シリーズが展開したことと、構造が改善・高度化したことを分ける。"", ""integration"": ""一般概念：何が形成され、能力や構成が展開していくか。 TAL Operationalisation：形成・展開・成熟の過程を扱う。"", ""formation"": ""形成・展開・成熟の過程を扱う。"", ""publicDefinition"": ""形成・展開・成熟の過程を扱う。""}","{""term"": ""Development"", ""jp"": ""発達・発展・開発"", ""layer"": ""Case-dependent"", ""frameworkStatus"": ""Supplementary"", ""guidance"": ""何が形成され、能力や構成が展開していくか。 形成・展開は、必ずしもすべての関係者にとって改善ではない。"", ""primer"": ""TALでの入口：長期シリーズが展開したことと、構造が改善・高度化したことを分ける。"", ""process"": ""初期条件を読む → 構成・能力の形成を追う → 環境との相互作用を調べる → 評価は基準を添える TALでは、長期シリーズが展開したことと、構造が改善・高度化したことを分ける。"", ""integration"": ""一般概念：何が形成され、能力や構成が展開していくか。 TAL Operationalisation：形成・展開・成熟の過程を扱う。"", ""formation"": ""形成・展開・成熟の過程を扱う。"", ""publicDefinition"": ""形成・展開・成熟の過程を扱う。""}",既存5段階を保持。今回の変更は共有Methodologyの分離・参照ラベル等の整合のみ。,Anime:JudgementSystem.pdf p.1 + Work Prompt + v0.2 Public baseline,"2026-09-16 (receipt/inspection, not framework establishment)",Editorial / retained public proposal,v0.151 unchanged where present; full public v0.2 snapshot retained,Preserved exact object/base64
bridge-refinement,Retained after audit,Refinement,Refinement,productionImplication / completionScope / contentRevision / claimEvidence / editorialReviewStatus,"{""term"": ""Refinement"", ""jp"": ""精緻化・洗練・調整"", ""layer"": ""Case-dependent"", ""frameworkStatus"": ""Supplementary"", ""guidance"": ""既存のものをどの細部・精度・整合性で詰めるか。 形成全体と、既存案の精度・整合性を詰める焦点を分ける。"", ""primer"": ""TALでの入口：音や編集の精密化が、統合や認知的帰結まで変えたかを問う。"", ""process"": ""既存案を評価する → 粗さ・不整合を特定する → 細部を調整する → 全体への効果を確かめる TALでは、音や編集の精密化が、統合や認知的帰結まで変えたかを問う。"", ""integration"": ""一般概念：既存のものをどの細部・精度・整合性で詰めるか。 TAL Operationalisation：既存構成の細部や精度を調整する操作を扱う。"", ""formation"": ""既存構成の細部や精度を調整する操作を扱う。"", ""publicDefinition"": ""既存構成の細部や精度を調整する操作を扱う。""}","{""term"": ""Refinement"", ""jp"": ""精緻化・洗練・調整"", ""layer"": ""Case-dependent"", ""frameworkStatus"": ""Supplementary"", ""guidance"": ""既存のものをどの細部・精度・整合性で詰めるか。 形成全体と、既存案の精度・整合性を詰める焦点を分ける。"", ""primer"": ""TALでの入口：音や編集の精密化が、統合や認知的帰結まで変えたかを問う。"", ""process"": ""既存案を評価する → 粗さ・不整合を特定する → 細部を調整する → 全体への効果を確かめる TALでは、音や編集の精密化が、統合や認知的帰結まで変えたかを問う。"", ""integration"": ""一般概念：既存のものをどの細部・精度・整合性で詰めるか。 TAL Operationalisation：既存構成の細部や精度を調整する操作を扱う。"", ""formation"": ""既存構成の細部や精度を調整する操作を扱う。"", ""publicDefinition"": ""既存構成の細部や精度を調整する操作を扱う。""}",既存5段階を保持。今回の変更は共有Methodologyの分離・参照ラベル等の整合のみ。,Anime:JudgementSystem.pdf p.1 + Work Prompt + v0.2 Public baseline,"2026-09-16 (receipt/inspection, not framework establishment)",Editorial / retained public proposal,v0.151 unchanged where present; full public v0.2 snapshot retained,Preserved exact object/base64
bridge-criterion,Second-pass formal connection retrofit,Criterion,Criterion,relations / provenance / productionImplication / revision / boundarySummary / completionScope / contentRevision / claimEvidence / formalConnection / checks / recognitionDelta / editorialReviewStatus,"{""term"": ""Criterion"", ""jp"": ""判断基準・評価軸"", ""layer"": ""Case-dependent"", ""frameworkStatus"": ""Supplementary"", ""guidance"": ""何について判断するか、どの条件でよしとするか。 判断軸・条件と、共有された規則・期待水準を区別する。"", ""primer"": ""TALでの入口：評価軸を提示してから作品を比較し、参照作品そのものを基準の定義にしない。"", ""process"": ""判断の問いを置く → 軸・条件を明示する → 観察可能な根拠に結ぶ → 基準の妥当性を問う TALでは、評価軸を提示してから作品を比較し、参照作品そのものを基準の定義にしない。"", ""integration"": ""一般概念：何について判断するか、どの条件でよしとするか。 TAL Operationalisation：何について判断するかを定める軸・条件を扱う。"", ""formation"": ""何について判断するかを定める軸・条件を扱う。"", ""publicDefinition"": ""何について判断するかを定める軸・条件を扱う。""}","{""term"": ""Criterion"", ""jp"": ""判断基準・評価軸"", ""layer"": ""Case-dependent"", ""frameworkStatus"": ""Supplementary"", ""guidance"": ""何について判断するか、どの条件でよしとするか。 判断軸・条件と、共有された規則・期待水準を区別する。"", ""primer"": ""TALでの入口：評価軸を提示してから作品を比較し、参照作品そのものを基準の定義にしない。"", ""process"": ""判断の問いを置く → 軸・条件を明示する → 観察可能な根拠に結ぶ → 基準の妥当性を問う TALでは、評価軸を提示してから作品を比較し、参照作品そのものを基準の定義にしない。"", ""integration"": ""一般概念：何について判断するか、どの条件でよしとするか。 TAL Operationalisation：何について判断するかを定める軸・条件を扱う。"", ""formation"": ""何について判断するかを定める軸・条件を扱う。"", ""publicDefinition"": ""何について判断するかを定める軸・条件を扱う。""}",CTIの変化を良い変化と判断するには、何を良しとするかの軸が要る。PDFは名称・問いを示すが詳細アンカーや閾値は示さない。,Anime:JudgementSystem.pdf p.1 + Work Prompt + v0.2 Public baseline,"2026-09-16 (receipt/inspection, not framework establishment)",Editorial / retained public proposal,v0.151 unchanged where present; full public v0.2 snapshot retained,Preserved exact object/base64
bridge-standard,Retained after audit,Standard,Standard,productionImplication / completionScope / contentRevision / claimEvidence / editorialReviewStatus,"{""term"": ""Standard"", ""jp"": ""標準・規格・期待水準"", ""layer"": ""Case-dependent"", ""frameworkStatus"": ""Supplementary"", ""guidance"": ""何が共有された準拠条件・水準になっているか。 準拠する規則・水準と、比較のための具体的参照を分ける。"", ""primer"": ""TALでの入口：Class閾値は正式仕様の確認が必要であり、この辞典で数値を新設しない。"", ""process"": ""共同の必要を読む → 準拠条件を定める → 適用範囲を示す → 適合と基準自体の妥当性を分ける TALでは、Class閾値は正式仕様の確認が必要であり、この辞典で数値を新設しない。"", ""integration"": ""一般概念：何が共有された準拠条件・水準になっているか。 TAL Operationalisation：共有された準拠条件・期待水準を扱う。"", ""formation"": ""共有された準拠条件・期待水準を扱う。"", ""publicDefinition"": ""共有された準拠条件・期待水準を扱う。""}","{""term"": ""Standard"", ""jp"": ""標準・規格・期待水準"", ""layer"": ""Case-dependent"", ""frameworkStatus"": ""Supplementary"", ""guidance"": ""何が共有された準拠条件・水準になっているか。 準拠する規則・水準と、比較のための具体的参照を分ける。"", ""primer"": ""TALでの入口：Class閾値は正式仕様の確認が必要であり、この辞典で数値を新設しない。"", ""process"": ""共同の必要を読む → 準拠条件を定める → 適用範囲を示す → 適合と基準自体の妥当性を分ける TALでは、Class閾値は正式仕様の確認が必要であり、この辞典で数値を新設しない。"", ""integration"": ""一般概念：何が共有された準拠条件・水準になっているか。 TAL Operationalisation：共有された準拠条件・期待水準を扱う。"", ""formation"": ""共有された準拠条件・期待水準を扱う。"", ""publicDefinition"": ""共有された準拠条件・期待水準を扱う。""}",既存5段階を保持。今回の変更は共有Methodologyの分離・参照ラベル等の整合のみ。,Anime:JudgementSystem.pdf p.1 + Work Prompt + v0.2 Public baseline,"2026-09-16 (receipt/inspection, not framework establishment)",Editorial / retained public proposal,v0.151 unchanged where present; full public v0.2 snapshot retained,Preserved exact object/base64
bridge-benchmark,Retained after audit,Benchmark,Benchmark,productionImplication / completionScope / contentRevision / claimEvidence / editorialReviewStatus,"{""term"": ""Benchmark"", ""jp"": ""比較参照・ベンチマーク"", ""layer"": ""Case-dependent"", ""frameworkStatus"": ""Supplementary"", ""guidance"": ""何と比べて位置や違いを確かめるか。 参照例は判断の軸そのものではない。"", ""primer"": ""TALでの入口：比較作品・場面の使用範囲を明示し、内部Calibrationメモを公開定義に混ぜない。"", ""process"": ""比較目的を置く → 参照例・課題を選ぶ → 条件をそろえる → 適用範囲外の反例も試す TALでは、比較作品・場面の使用範囲を明示し、内部Calibrationメモを公開定義に混ぜない。"", ""integration"": ""一般概念：何と比べて位置や違いを確かめるか。 TAL Operationalisation：判断を校正するための具体的な参照を扱う。"", ""formation"": ""判断を校正するための具体的な参照を扱う。"", ""publicDefinition"": ""判断を校正するための具体的な参照を扱う。""}","{""term"": ""Benchmark"", ""jp"": ""比較参照・ベンチマーク"", ""layer"": ""Case-dependent"", ""frameworkStatus"": ""Supplementary"", ""guidance"": ""何と比べて位置や違いを確かめるか。 参照例は判断の軸そのものではない。"", ""primer"": ""TALでの入口：比較作品・場面の使用範囲を明示し、内部Calibrationメモを公開定義に混ぜない。"", ""process"": ""比較目的を置く → 参照例・課題を選ぶ → 条件をそろえる → 適用範囲外の反例も試す TALでは、比較作品・場面の使用範囲を明示し、内部Calibrationメモを公開定義に混ぜない。"", ""integration"": ""一般概念：何と比べて位置や違いを確かめるか。 TAL Operationalisation：判断を校正するための具体的な参照を扱う。"", ""formation"": ""判断を校正するための具体的な参照を扱う。"", ""publicDefinition"": ""判断を校正するための具体的な参照を扱う。""}",既存5段階を保持。今回の変更は共有Methodologyの分離・参照ラベル等の整合のみ。,Anime:JudgementSystem.pdf p.1 + Work Prompt + v0.2 Public baseline,"2026-09-16 (receipt/inspection, not framework establishment)",Editorial / retained public proposal,v0.151 unchanged where present; full public v0.2 snapshot retained,Preserved exact object/base64
bridge-analysis,Retained after audit,Analysis,Analysis,productionImplication / completionScope / contentRevision / claimEvidence / editorialReviewStatus,"{""term"": ""Analysis"", ""jp"": ""分析・解析"", ""layer"": ""Case-dependent"", ""frameworkStatus"": ""Supplementary"", ""guidance"": ""何が、どの関係・働き・過程として成り立つかをほどく。 観察したものの記述と、構成・関係を解き明かす作業を区別する。"", ""primer"": ""TALでの入口：観察の列挙、意味解釈、価値判断を別々に記述し、相互に往復する。"", ""process"": ""問いを置く → 単位・関係・過程を分ける → 仮説を比較する → 全体へ戻して説明力を確かめる TALでは、観察の列挙、意味解釈、価値判断を別々に記述し、相互に往復する。"", ""integration"": ""一般概念：何が、どの関係・働き・過程として成り立つかをほどく。 TAL Operationalisation：構成・関係・働き・過程を解き明かす操作を扱う。"", ""formation"": ""構成・関係・働き・過程を解き明かす操作を扱う。"", ""publicDefinition"": ""構成・関係・働き・過程を解き明かす操作を扱う。""}","{""term"": ""Analysis"", ""jp"": ""分析・解析"", ""layer"": ""Case-dependent"", ""frameworkStatus"": ""Supplementary"", ""guidance"": ""何が、どの関係・働き・過程として成り立つかをほどく。 観察したものの記述と、構成・関係を解き明かす作業を区別する。"", ""primer"": ""TALでの入口：観察の列挙、意味解釈、価値判断を別々に記述し、相互に往復する。"", ""process"": ""問いを置く → 単位・関係・過程を分ける → 仮説を比較する → 全体へ戻して説明力を確かめる TALでは、観察の列挙、意味解釈、価値判断を別々に記述し、相互に往復する。"", ""integration"": ""一般概念：何が、どの関係・働き・過程として成り立つかをほどく。 TAL Operationalisation：構成・関係・働き・過程を解き明かす操作を扱う。"", ""formation"": ""構成・関係・働き・過程を解き明かす操作を扱う。"", ""publicDefinition"": ""構成・関係・働き・過程を解き明かす操作を扱う。""}",既存5段階を保持。今回の変更は共有Methodologyの分離・参照ラベル等の整合のみ。,Anime:JudgementSystem.pdf p.1 + Work Prompt + v0.2 Public baseline,"2026-09-16 (receipt/inspection, not framework establishment)",Editorial / retained public proposal,v0.151 unchanged where present; full public v0.2 snapshot retained,Preserved exact object/base64
bridge-synthesis,Retained after audit,Synthesis,Synthesis,productionImplication / completionScope / contentRevision / claimEvidence / editorialReviewStatus,"{""term"": ""Synthesis"", ""jp"": ""総合・統合・合成"", ""layer"": ""Case-dependent"", ""frameworkStatus"": ""Supplementary"", ""guidance"": ""分けて得たものを、どの関係でまとまりにするか。 分けて解く焦点と、つないで構成する焦点は往復できる。"", ""primer"": ""TALでの入口：Element別分析を全体の意味構成へ統合し、単純な平均値で代用しない。"", ""process"": ""部分の知見を並べる → 関係を提案する → 全体の整合性を調べる → 再分析で接続を修正する TALでは、Element別分析を全体の意味構成へ統合し、単純な平均値で代用しない。"", ""integration"": ""一般概念：分けて得たものを、どの関係でまとまりにするか。 TAL Operationalisation：分けた知見を関係づけ、全体として組み直す操作を扱う。"", ""formation"": ""分けた知見を関係づけ、全体として組み直す操作を扱う。"", ""publicDefinition"": ""分けた知見を関係づけ、全体として組み直す操作を扱う。""}","{""term"": ""Synthesis"", ""jp"": ""総合・統合・合成"", ""layer"": ""Case-dependent"", ""frameworkStatus"": ""Supplementary"", ""guidance"": ""分けて得たものを、どの関係でまとまりにするか。 分けて解く焦点と、つないで構成する焦点は往復できる。"", ""primer"": ""TALでの入口：Element別分析を全体の意味構成へ統合し、単純な平均値で代用しない。"", ""process"": ""部分の知見を並べる → 関係を提案する → 全体の整合性を調べる → 再分析で接続を修正する TALでは、Element別分析を全体の意味構成へ統合し、単純な平均値で代用しない。"", ""integration"": ""一般概念：分けて得たものを、どの関係でまとまりにするか。 TAL Operationalisation：分けた知見を関係づけ、全体として組み直す操作を扱う。"", ""formation"": ""分けた知見を関係づけ、全体として組み直す操作を扱う。"", ""publicDefinition"": ""分けた知見を関係づけ、全体として組み直す操作を扱う。""}",既存5段階を保持。今回の変更は共有Methodologyの分離・参照ラベル等の整合のみ。,Anime:JudgementSystem.pdf p.1 + Work Prompt + v0.2 Public baseline,"2026-09-16 (receipt/inspection, not framework establishment)",Editorial / retained public proposal,v0.151 unchanged where present; full public v0.2 snapshot retained,Preserved exact object/base64
bridge-evaluation,Second-pass formal connection retrofit,Evaluation,Evaluation,relations / provenance / productionImplication / revision / boundarySummary / completionScope / contentRevision / claimEvidence / formalConnection / checks / recognitionDelta / editorialReviewStatus,"{""term"": ""Evaluation"", ""jp"": ""評価"", ""layer"": ""Case-dependent"", ""frameworkStatus"": ""Supplementary"", ""guidance"": ""何を基準に、どの程度よい・適切と判断するか。 どう成り立つかの理解と、基準に照らす判断を分ける。"", ""primer"": ""TALでの入口：構造の分析結果とClass判定の間に、Criterionと根拠を置く。"", ""process"": ""対象と目的を定める → 根拠を記述・分析する → 基準を適用する → 判断と不確実性を示す TALでは、構造の分析結果とClass判定の間に、Criterionと根拠を置く。"", ""integration"": ""一般概念：何を基準に、どの程度よい・適切と判断するか。 TAL Operationalisation：明示した基準に照らして価値・水準を判断する操作を扱う。"", ""formation"": ""明示した基準に照らして価値・水準を判断する操作を扱う。"", ""publicDefinition"": ""明示した基準に照らして価値・水準を判断する操作を扱う。""}","{""term"": ""Evaluation"", ""jp"": ""評価"", ""layer"": ""Case-dependent"", ""frameworkStatus"": ""Supplementary"", ""guidance"": ""何を基準に、どの程度よい・適切と判断するか。 どう成り立つかの理解と、基準に照らす判断を分ける。"", ""primer"": ""TALでの入口：構造の分析結果とClass判定の間に、Criterionと根拠を置く。"", ""process"": ""対象と目的を定める → 根拠を記述・分析する → 基準を適用する → 判断と不確実性を示す TALでは、構造の分析結果とClass判定の間に、Criterionと根拠を置く。"", ""integration"": ""一般概念：何を基準に、どの程度よい・適切と判断するか。 TAL Operationalisation：明示した基準に照らして価値・水準を判断する操作を扱う。"", ""formation"": ""明示した基準に照らして価値・水準を判断する操作を扱う。"", ""publicDefinition"": ""明示した基準に照らして価値・水準を判断する操作を扱う。""}",CTIが正式に存在することと採点可能な手順の取得は別。Coreの実現度、Potential、Outcomeを異なる評価対象として保つ。,Anime:JudgementSystem.pdf p.1 + Work Prompt + v0.2 Public baseline,"2026-09-16 (receipt/inspection, not framework establishment)",Editorial / retained public proposal,v0.151 unchanged where present; full public v0.2 snapshot retained,Preserved exact object/base64
bridge-interpretation,Retained after audit,Interpretation,Interpretation,productionImplication / completionScope / contentRevision / claimEvidence / editorialReviewStatus,"{""term"": ""Interpretation"", ""jp"": ""解釈"", ""layer"": ""Case-dependent"", ""frameworkStatus"": ""Supplementary"", ""guidance"": ""この文脈では、何を意味すると読めるか。 意味をどう読むかと、なぜ・どう生じたかの説明を区別する。"", ""primer"": ""TALでの入口：一つの読みを作者の唯一の意図とせず、代替解釈を残す。"", ""process"": ""表現・行為を観察する → 文脈を置く → 意味の候補を比べる → 反例で読みを修正する TALでは、一つの読みを作者の唯一の意図とせず、代替解釈を残す。"", ""integration"": ""一般概念：この文脈では、何を意味すると読めるか。 TAL Operationalisation：文脈と証拠に基づき意味の読みを提案する操作を扱う。"", ""formation"": ""文脈と証拠に基づき意味の読みを提案する操作を扱う。"", ""publicDefinition"": ""文脈と証拠に基づき意味の読みを提案する操作を扱う。""}","{""term"": ""Interpretation"", ""jp"": ""解釈"", ""layer"": ""Case-dependent"", ""frameworkStatus"": ""Supplementary"", ""guidance"": ""この文脈では、何を意味すると読めるか。 意味をどう読むかと、なぜ・どう生じたかの説明を区別する。"", ""primer"": ""TALでの入口：一つの読みを作者の唯一の意図とせず、代替解釈を残す。"", ""process"": ""表現・行為を観察する → 文脈を置く → 意味の候補を比べる → 反例で読みを修正する TALでは、一つの読みを作者の唯一の意図とせず、代替解釈を残す。"", ""integration"": ""一般概念：この文脈では、何を意味すると読めるか。 TAL Operationalisation：文脈と証拠に基づき意味の読みを提案する操作を扱う。"", ""formation"": ""文脈と証拠に基づき意味の読みを提案する操作を扱う。"", ""publicDefinition"": ""文脈と証拠に基づき意味の読みを提案する操作を扱う。""}",既存5段階を保持。今回の変更は共有Methodologyの分離・参照ラベル等の整合のみ。,Anime:JudgementSystem.pdf p.1 + Work Prompt + v0.2 Public baseline,"2026-09-16 (receipt/inspection, not framework establishment)",Editorial / retained public proposal,v0.151 unchanged where present; full public v0.2 snapshot retained,Preserved exact object/base64
bridge-explanation,Retained after audit,Explanation,Explanation,productionImplication / completionScope / contentRevision / claimEvidence / editorialReviewStatus,"{""term"": ""Explanation"", ""jp"": ""説明"", ""layer"": ""Case-dependent"", ""frameworkStatus"": ""Supplementary"", ""guidance"": ""なぜ・どのようにそうなるのかを理解可能にする。 何があったかの提示と、なぜ・どうの理解を支えることを分ける。"", ""primer"": ""TALでの入口：出来事の再述にとどまらず、意味形成や認知変化の理由を示す。"", ""process"": ""説明すべき問いを定める → 関連する根拠を選ぶ → 結び付きの筋道を示す → 代替説明と照合する TALでは、出来事の再述にとどまらず、意味形成や認知変化の理由を示す。"", ""integration"": ""一般概念：なぜ・どのようにそうなるのかを理解可能にする。 TAL Operationalisation：どの条件・関係・機構でそうなるかを理解可能にする操作を扱う。"", ""formation"": ""どの条件・関係・機構でそうなるかを理解可能にする操作を扱う。"", ""publicDefinition"": ""どの条件・関係・機構でそうなるかを理解可能にする操作を扱う。""}","{""term"": ""Explanation"", ""jp"": ""説明"", ""layer"": ""Case-dependent"", ""frameworkStatus"": ""Supplementary"", ""guidance"": ""なぜ・どのようにそうなるのかを理解可能にする。 何があったかの提示と、なぜ・どうの理解を支えることを分ける。"", ""primer"": ""TALでの入口：出来事の再述にとどまらず、意味形成や認知変化の理由を示す。"", ""process"": ""説明すべき問いを定める → 関連する根拠を選ぶ → 結び付きの筋道を示す → 代替説明と照合する TALでは、出来事の再述にとどまらず、意味形成や認知変化の理由を示す。"", ""integration"": ""一般概念：なぜ・どのようにそうなるのかを理解可能にする。 TAL Operationalisation：どの条件・関係・機構でそうなるかを理解可能にする操作を扱う。"", ""formation"": ""どの条件・関係・機構でそうなるかを理解可能にする操作を扱う。"", ""publicDefinition"": ""どの条件・関係・機構でそうなるかを理解可能にする操作を扱う。""}",既存5段階を保持。今回の変更は共有Methodologyの分離・参照ラベル等の整合のみ。,Anime:JudgementSystem.pdf p.1 + Work Prompt + v0.2 Public baseline,"2026-09-16 (receipt/inspection, not framework establishment)",Editorial / retained public proposal,v0.151 unchanged where present; full public v0.2 snapshot retained,Preserved exact object/base64
bridge-description,Retained after audit,Description,Description,productionImplication / completionScope / contentRevision / claimEvidence / editorialReviewStatus,"{""term"": ""Description"", ""jp"": ""記述・描写"", ""layer"": ""Case-dependent"", ""frameworkStatus"": ""Supplementary"", ""guidance"": ""何が観察・記録されたかを他者がたどれるように示す。 何があるかの記述と、基準に照らした価値判断を分ける。"", ""primer"": ""TALでの入口：観察と解釈を分離し、後から反証・再文脈化できる記録を残す。"", ""process"": ""対象と位置を示す → 観察を残す → 記述条件を添える → 推論・評価と区別する TALでは、観察と解釈を分離し、後から反証・再文脈化できる記録を残す。"", ""integration"": ""一般概念：何が観察・記録されたかを他者がたどれるように示す。 TAL Operationalisation：観察された内容・順序・特徴を記述する操作を扱う。"", ""formation"": ""観察された内容・順序・特徴を記述する操作を扱う。"", ""publicDefinition"": ""観察された内容・順序・特徴を記述する操作を扱う。""}","{""term"": ""Description"", ""jp"": ""記述・描写"", ""layer"": ""Case-dependent"", ""frameworkStatus"": ""Supplementary"", ""guidance"": ""何が観察・記録されたかを他者がたどれるように示す。 何があるかの記述と、基準に照らした価値判断を分ける。"", ""primer"": ""TALでの入口：観察と解釈を分離し、後から反証・再文脈化できる記録を残す。"", ""process"": ""対象と位置を示す → 観察を残す → 記述条件を添える → 推論・評価と区別する TALでは、観察と解釈を分離し、後から反証・再文脈化できる記録を残す。"", ""integration"": ""一般概念：何が観察・記録されたかを他者がたどれるように示す。 TAL Operationalisation：観察された内容・順序・特徴を記述する操作を扱う。"", ""formation"": ""観察された内容・順序・特徴を記述する操作を扱う。"", ""publicDefinition"": ""観察された内容・順序・特徴を記述する操作を扱う。""}",既存5段階を保持。今回の変更は共有Methodologyの分離・参照ラベル等の整合のみ。,Anime:JudgementSystem.pdf p.1 + Work Prompt + v0.2 Public baseline,"2026-09-16 (receipt/inspection, not framework establishment)",Editorial / retained public proposal,v0.151 unchanged where present; full public v0.2 snapshot retained,Preserved exact object/base64
bridge-technology,Second-pass formal connection retrofit,Technology,Technology,relations / provenance / productionImplication / revision / boundarySummary / completionScope / contentRevision / claimEvidence / formalConnection / checks / recognitionDelta / editorialReviewStatus,"{""term"": ""Technology"", ""jp"": ""技術／科学技術／テクノロジー"", ""layer"": ""Case-dependent"", ""frameworkStatus"": ""Supplementary"", ""guidance"": ""知識、手段、人工物、制度、維持を結び、実行可能性を組織する技術的編成。"", ""primer"": ""TALでの入口：制作環境の能力を、個別の技法や作品の高度化から区別する。"", ""process"": ""達成する働きを問う → 知識と装置を追う → インフラと標準を調べる → 組織・制度・維持・配分を含める → 影響と失敗を検討する TALでは、制作環境の能力を、個別の技法や作品の高度化から区別する。"", ""integration"": ""一般概念：Technologyを読むとは、Knowledge / Technique / Artefact / Infrastructure / Organisation / Standards / Institutions / Maintenance / Distributionの結びつきを問うこと。全項目があらゆる用例に必須という定義ではない。 TAL Operationalisation：実践を可能にする技術体系・知識・装置の組み合わせを扱う。"", ""formation"": ""実践を可能にする技術体系・知識・装置の組み合わせを扱う。"", ""publicDefinition"": ""実践を可能にする技術体系・知識・装置の組み合わせを扱う。""}","{""term"": ""Technology"", ""jp"": ""技術／科学技術／テクノロジー"", ""layer"": ""Case-dependent"", ""frameworkStatus"": ""Supplementary"", ""guidance"": ""知識、手段、人工物、制度、維持を結び、実行可能性を組織する技術的編成。"", ""primer"": ""TALでの入口：制作環境の能力を、個別の技法や作品の高度化から区別する。"", ""process"": ""達成する働きを問う → 知識と装置を追う → インフラと標準を調べる → 組織・制度・維持・配分を含める → 影響と失敗を検討する TALでは、制作環境の能力を、個別の技法や作品の高度化から区別する。"", ""integration"": ""一般概念：Technologyを読むとは、Knowledge / Technique / Artefact / Infrastructure / Organisation / Standards / Institutions / Maintenance / Distributionの結びつきを問うこと。全項目があらゆる用例に必須という定義ではない。 TAL Operationalisation：実践を可能にする技術体系・知識・装置の組み合わせを扱う。"", ""formation"": ""実践を可能にする技術体系・知識・装置の組み合わせを扱う。"", ""publicDefinition"": ""実践を可能にする技術体系・知識・装置の組み合わせを扱う。""}",E9/E10は新技術の有無だけで高くならない。技術の体系と、認知の可能性や抽象化できる設計機構を分ける。,Anime:JudgementSystem.pdf p.1 + Work Prompt + v0.2 Public baseline,"2026-09-16 (receipt/inspection, not framework establishment)",Editorial / retained public proposal,v0.151 unchanged where present; full public v0.2 snapshot retained,Preserved exact object/base64
bridge-technique,Second-pass formal connection retrofit,Technique,Technique,relations / provenance / productionImplication / revision / boundarySummary / completionScope / contentRevision / claimEvidence / formalConnection / checks / recognitionDelta / editorialReviewStatus,"{""term"": ""Technique"", ""jp"": ""技法／技能／手法／技術"", ""layer"": ""Case-dependent"", ""frameworkStatus"": ""Supplementary"", ""guidance"": ""活動のある部分を実行できるようにする、学びうる方法・技能。"", ""primer"": ""TALでの入口：編集や録音の技法が働く条件を記述し、巧さだけで高度化を判定しない。"", ""process"": ""行為を分ける → 手段と条件を知る → 練習して調整する → 別の条件で方法の限界を確かめる TALでは、編集や録音の技法が働く条件を記述し、巧さだけで高度化を判定しない。"", ""integration"": ""一般概念：Techniqueという焦点は「どう実行するか」を可視化する。Technologyの全体を一人の上手さへ圧縮しない。 TAL Operationalisation：具体的に実行される手法・技能を扱う。"", ""formation"": ""具体的に実行される手法・技能を扱う。"", ""publicDefinition"": ""具体的に実行される手法・技能を扱う。""}","{""term"": ""Technique"", ""jp"": ""技法／技能／手法／技術"", ""layer"": ""Case-dependent"", ""frameworkStatus"": ""Supplementary"", ""guidance"": ""活動のある部分を実行できるようにする、学びうる方法・技能。"", ""primer"": ""TALでの入口：編集や録音の技法が働く条件を記述し、巧さだけで高度化を判定しない。"", ""process"": ""行為を分ける → 手段と条件を知る → 練習して調整する → 別の条件で方法の限界を確かめる TALでは、編集や録音の技法が働く条件を記述し、巧さだけで高度化を判定しない。"", ""integration"": ""一般概念：Techniqueという焦点は「どう実行するか」を可視化する。Technologyの全体を一人の上手さへ圧縮しない。 TAL Operationalisation：具体的に実行される手法・技能を扱う。"", ""formation"": ""具体的に実行される手法・技能を扱う。"", ""publicDefinition"": ""具体的に実行される手法・技能を扱う。""}",E10で転用するのは手順の再現に限らず、どの条件で働くかを抽象化した設計関係。技能の実行と潜在力評価を分ける。,Anime:JudgementSystem.pdf p.1 + Work Prompt + v0.2 Public baseline,"2026-09-16 (receipt/inspection, not framework establishment)",Editorial / retained public proposal,v0.151 unchanged where present; full public v0.2 snapshot retained,Preserved exact object/base64
tal02-audio-visual-semantics-index,Priority 44 completion,Audio+Visual Semantics Index,Audio+Visual Semantics Index,layer / primer / process / integration / formation / publicDefinition / relations / provenance / aliases / frameworkIntroducedIn / frameworkRevisedIn / frameworkRole / operationalUse / evidenceStatus / conceptBoundary / primaryContrasts / productionImplication / evidence / revision / frameworkEvolution / boundarySummary / canonicalRegistryId / structuralRole / claimEvidence / completionScope / contentRevision / checks / recognitionDelta / etymologicalGenesis / formalDefinitionSource / editorialReviewStatus,"{""term"": ""Audio+Visual Semantics Index"", ""jp"": ""映像の意味作用+音響の意味作用"", ""layer"": ""E7"", ""frameworkStatus"": ""Alpha 6.0 Core"", ""guidance"": ""音響と映像それぞれの意味作用、および両者の関係を扱うAlpha 6.0のElement 7。"", ""primer"": ""音だけ・映像だけの意味作用を分けて記述し、共存と統合を区別する。"", ""process"": ""観察単位を定める → この概念の働きを記述する → 近接概念との境界を確かめる → 支持・反対証拠を照合する。"", ""integration"": ""旧E7 Visual Semanticsの視覚中心の範囲とは区別。正式名称は固定だが、採点式・閾値はEvidence Pending。 概念の同一性と、特定作品で担う分析上の役割を分けて記録する。"", ""formation"": ""音響と映像それぞれの意味作用、および両者の関係を扱うAlpha 6.0のElement 7。"", ""publicDefinition"": ""音響と映像それぞれの意味作用、および両者の関係を扱うAlpha 6.0のElement 7。""}","{""term"": ""Audio+Visual Semantics Index"", ""jp"": ""映像の意味作用+音響の意味作用"", ""layer"": ""E7 / L4"", ""frameworkStatus"": ""Alpha 6.0 Core"", ""guidance"": ""音響と映像それぞれの意味作用、および両者の関係を扱うAlpha 6.0のElement 7。"", ""primer"": ""Illustrative Example：無人の部屋が映り、画面外の足音だけが近づく。 この場合に何を区別でき、何はまだ言えないかを考える。"", ""process"": ""Operational Recognition Route：同じ場面の音響に含まれる位置・反復・質感と、映像の物・構図を別々に拾う → 各手がかりが何を意味するか文脈で確かめる → 両者が補強・矛盾・補完する関係を読む。意味を担うことと全体を統合することを分けてE7の観察を残す。 以下は概念を見分けるための編集的手順で、実証済みの心理過程を示すものではない。"", ""integration"": ""E7はL4内40%の正式Core指標。音響の意味作用を含むため旧Visual Semanticsより範囲が広い。E8は要素間の意味統合を問う。音があるだけ、または美しい画面だけでは意味作用の説明にならない。"", ""formation"": ""音響・映像の具体的手がかりが文脈内で運ぶ意味を識別し、相互の関係を説明するL4のCore指標。全体の統合評価とは分けて使う。"", ""publicDefinition"": ""音響・映像の具体的手がかりが文脈内で運ぶ意味を識別し、相互の関係を説明するL4のCore指標。全体の統合評価とは分けて使う。""}",共通③と①=⑤を解消し、概念固有の入力・対比・認識到達・未見事例を作成。正式区分もPDFへ同期。,Anime:JudgementSystem.pdf p.1 + Work Prompt + v0.2 Public baseline,"2026-09-16 (receipt/inspection, not framework establishment)",Label/placement/explicit weights source-confirmed; concept-specific explanation editorial,v0.151 unchanged where present; full public v0.2 snapshot retained,Preserved exact object/base64
tal02-temporal-audiovisual-affordance-expansion-potential-index,Priority 44 completion,Temporal Audiovisual Affordance Expansion Potential Index,Temporal Audiovisual Affordance Expansion Potential Index,category / layer / primer / process / integration / formation / publicDefinition / relations / provenance / aliases / group / frameworkStatus / frameworkIntroducedIn / frameworkRevisedIn / frameworkRole / operationalUse / evidenceStatus / conceptBoundary / primaryContrasts / productionImplication / evidence / revision / frameworkEvolution / boundarySummary / canonicalRegistryId / structuralRole / claimEvidence / completionScope / contentRevision / checks / recognitionDelta / etymologicalGenesis / formalDefinitionSource / editorialReviewStatus,"{""term"": ""Temporal Audiovisual Affordance Expansion Potential Index"", ""jp"": ""映像+音響 認知可能域拡張潜在力指数"", ""layer"": ""E9"", ""frameworkStatus"": ""Alpha 6.0 Core"", ""guidance"": ""時間的な映像・音響構成が、視聴者の認知可能域を拡張し得る潜在力を扱うAlpha 6.0のElement 9。"", ""primer"": ""誰にどの知覚・認知・解釈の可能性が開かれるかを条件付きで記述する。"", ""process"": ""観察単位を定める → この概念の働きを記述する → 近接概念との境界を確かめる → 支持・反対証拠を照合する。"", ""integration"": ""潜在力と実際の認知的帰結は別。将来候補AAEやTCCを既存Scoreの別名にしない。 概念の同一性と、特定作品で担う分析上の役割を分けて記録する。"", ""formation"": ""時間的な映像・音響構成が、視聴者の認知可能域を拡張し得る潜在力を扱うAlpha 6.0のElement 9。"", ""publicDefinition"": ""時間的な映像・音響構成が、視聴者の認知可能域を拡張し得る潜在力を扱うAlpha 6.0のElement 9。""}","{""term"": ""Temporal Audiovisual Affordance Expansion Potential Index"", ""jp"": ""映像+音響 認知可能域拡張潜在力指数"", ""layer"": ""E9 / Layer +1"", ""frameworkStatus"": ""Alpha 6.0 Potential"", ""guidance"": ""時間的な映像・音響構成が、視聴者の認知可能域を拡張し得る潜在力を扱うAlpha 6.0のElement 9。"", ""primer"": ""Illustrative Example：試作映像は二つの時系列を音で識別できそうだが、作品としては未完成。 この場合に何を区別でき、何はまだ言えないかを考える。"", ""process"": ""Operational Recognition Route：既存の読み方では取り出しにくい関係を特定 → 時間的な音・映像操作が新たに何を認知可能にするか仮説化 → 受け手の条件と未実現部分を分ける → 潜在的な拡張と実現済みの成果を別々に記録する。 以下は概念を見分けるための編集的手順で、実証済みの心理過程を示すものではない。"", ""integration"": ""E9はLayer +1の正式Potential Indexで、Coreには混算しない。Capabilityは媒体の能力、Affordanceは受け手との関係的可能性。AAEは研究候補、CTIは実際の観客の再構成を扱う独立Outcomeである。"", ""formation"": ""どの受け手にどんな新しい認知可能性を開き得るかを、未実現部分と条件を伴って検討する潜在力指標。Core実現度や観客の変容を代用しない。"", ""publicDefinition"": ""どの受け手にどんな新しい認知可能性を開き得るかを、未実現部分と条件を伴って検討する潜在力指標。Core実現度や観客の変容を代用しない。""}",共通③と①=⑤を解消し、概念固有の入力・対比・認識到達・未見事例を作成。正式区分もPDFへ同期。,Anime:JudgementSystem.pdf p.1 + Work Prompt + v0.2 Public baseline,"2026-09-16 (receipt/inspection, not framework establishment)",Label/placement/explicit weights source-confirmed; concept-specific explanation editorial,v0.151 unchanged where present; full public v0.2 snapshot retained,Preserved exact object/base64
tal02-transformer,Priority 44 completion,Transformer,Transformer,primer / process / integration / formation / publicDefinition / provenance / operationalUse / productionImplication / revision / frameworkEvolution / boundarySummary / completionScope / contentRevision / claimEvidence / checks / recognitionDelta / etymologicalGenesis / editorialReviewStatus,"{""term"": ""Transformer"", ""jp"": ""認識・意味の変換機能"", ""layer"": ""Case-dependent"", ""frameworkStatus"": ""Alpha 6.0 Operational"", ""guidance"": ""認識状態や意味状態を変換するTAL分析機能型。"", ""primer"": ""変換前と後、変換を生む表現操作、根拠となる場面を記録する。"", ""process"": ""観察単位を定める → この概念の働きを記述する → 近接概念との境界を確かめる → 支持・反対証拠を照合する。"", ""integration"": ""Concept Identity ≠ Analytical Function。LLMのTransformerモデルと同一概念ではない。 概念の同一性と、特定作品で担う分析上の役割を分けて記録する。"", ""formation"": ""認識状態や意味状態を変換するTAL分析機能型。"", ""publicDefinition"": ""認識状態や意味状態を変換するTAL分析機能型。""}","{""term"": ""Transformer"", ""jp"": ""認識・意味の変換機能"", ""layer"": ""Case-dependent"", ""frameworkStatus"": ""Alpha 6.0 Operational"", ""guidance"": ""認識状態や意味状態を変換するTAL分析機能型。"", ""primer"": ""Illustrative Example：敵だと思われた人物の行為が、後の情報で保護行動として読める。 この場合に何を区別でき、何はまだ言えないかを考える。"", ""process"": ""Operational Recognition Route：操作前に保たれている認識・意味の状態を記述 → 操作後に変わった区別や関係を特定 → 強さだけの変化を除く → どの表現が状態の組み替えに関わるかを確かめる。 以下は概念を見分けるための編集的手順で、実証済みの心理過程を示すものではない。"", ""integration"": ""Transformerは分析上の機能で、概念の固有名でもLLMのモデル名でもない。Amplifierが既存の強さを増す場合と対比する。同じNodeがある場面で変換し、別場面では増幅だけを担うこともある。"", ""formation"": ""認識の枠や意味関係が前後で組み替わる場合に、その変化を生む表現へ割り当てる分析機能。刺激の強まりだけでは割り当てない。"", ""publicDefinition"": ""認識の枠や意味関係が前後で組み替わる場合に、その変化を生む表現へ割り当てる分析機能。刺激の強まりだけでは割り当てない。""}",共通③と①=⑤を解消し、概念固有の入力・対比・認識到達・未見事例を作成。,Anime:JudgementSystem.pdf p.1 + Work Prompt + v0.2 Public baseline,"2026-09-16 (receipt/inspection, not framework establishment)",Editorial / retained public proposal,v0.151 unchanged where present; full public v0.2 snapshot retained,Preserved exact object/base64
tal02-amplifier,Priority 44 completion,Amplifier,Amplifier,primer / process / integration / formation / publicDefinition / provenance / operationalUse / productionImplication / revision / frameworkEvolution / boundarySummary / completionScope / contentRevision / claimEvidence / checks / recognitionDelta / etymologicalGenesis / editorialReviewStatus,"{""term"": ""Amplifier"", ""jp"": ""意味・情動・顕著性の増幅機能"", ""layer"": ""Case-dependent"", ""frameworkStatus"": ""Alpha 6.0 Operational"", ""guidance"": ""既存の意味・情動・顕著性を増幅するTAL分析機能型。"", ""primer"": ""増えた強さと、それを増幅した操作を比較する。"", ""process"": ""観察単位を定める → この概念の働きを記述する → 近接概念との境界を確かめる → 支持・反対証拠を照合する。"", ""integration"": ""強度の増加だけで意味変換や高度化が成立したとしない。 概念の同一性と、特定作品で担う分析上の役割を分けて記録する。"", ""formation"": ""既存の意味・情動・顕著性を増幅するTAL分析機能型。"", ""publicDefinition"": ""既存の意味・情動・顕著性を増幅するTAL分析機能型。""}","{""term"": ""Amplifier"", ""jp"": ""意味・情動・顕著性の増幅機能"", ""layer"": ""Case-dependent"", ""frameworkStatus"": ""Alpha 6.0 Operational"", ""guidance"": ""既存の意味・情動・顕著性を増幅するTAL分析機能型。"", ""primer"": ""Illustrative Example：不安を示す表情の後で同じ脈動音が強くなる。 この場合に何を区別でき、何はまだ言えないかを考える。"", ""process"": ""Operational Recognition Route：すでに成立している意味・情動・顕著性を確かめる → 追加表現の前後で方向と強さを比べる → 新しい関係が生まれたかを別に問う → 増幅された対象を名指して記録する。 以下は概念を見分けるための編集的手順で、実証済みの心理過程を示すものではない。"", ""integration"": ""増幅は強さの変化で、Transformerの関係変換やIntegratorの結合とは違う。場面単位のIntensityが増えても、シリーズ全体のSophistication Contributionが高まるとは限らない。"", ""formation"": ""既存の読みや情動の方向を保ったまま、その強さ・注意の集まり方を増す働き。何が増えたかを指定して使い、変換・統合の証拠に代えない。"", ""publicDefinition"": ""既存の読みや情動の方向を保ったまま、その強さ・注意の集まり方を増す働き。何が増えたかを指定して使い、変換・統合の証拠に代えない。""}",共通③と①=⑤を解消し、概念固有の入力・対比・認識到達・未見事例を作成。,Anime:JudgementSystem.pdf p.1 + Work Prompt + v0.2 Public baseline,"2026-09-16 (receipt/inspection, not framework establishment)",Editorial / retained public proposal,v0.151 unchanged where present; full public v0.2 snapshot retained,Preserved exact object/base64
tal02-integrator,Priority 44 completion,Integrator,Integrator,primer / process / integration / formation / publicDefinition / relations / provenance / operationalUse / productionImplication / revision / frameworkEvolution / boundarySummary / completionScope / contentRevision / claimEvidence / checks / recognitionDelta / etymologicalGenesis / editorialReviewStatus,"{""term"": ""Integrator"", ""jp"": ""情報・モダリティ・層の統合機能"", ""layer"": ""Case-dependent"", ""frameworkStatus"": ""Alpha 6.0 Operational"", ""guidance"": ""複数の情報・モダリティ・層を結びつけるTAL分析機能型。"", ""primer"": ""別々の情報がどんな関係を生み、何を一緒に理解可能にしたかを確認する。"", ""process"": ""観察単位を定める → この概念の働きを記述する → 近接概念との境界を確かめる → 支持・反対証拠を照合する。"", ""integration"": ""要素の並存と統合を区別。機能は作品・時点に依存する。 概念の同一性と、特定作品で担う分析上の役割を分けて記録する。"", ""formation"": ""複数の情報・モダリティ・層を結びつけるTAL分析機能型。"", ""publicDefinition"": ""複数の情報・モダリティ・層を結びつけるTAL分析機能型。""}","{""term"": ""Integrator"", ""jp"": ""情報・モダリティ・層の統合機能"", ""layer"": ""Case-dependent"", ""frameworkStatus"": ""Alpha 6.0 Operational"", ""guidance"": ""複数の情報・モダリティ・層を結びつけるTAL分析機能型。"", ""primer"": ""Illustrative Example：離れた場所で同じ旋律が流れ、二つの出来事の共通する背景が分かる。 この場合に何を区別でき、何はまだ言えないかを考える。"", ""process"": ""Operational Recognition Route：別々に提示された情報・視点・モダリティを列挙 → 結びつける手がかりを特定 → 単独では得られなかった関係を言語化 → 組合せを外した場合にその関係が残るかを考える。 以下は概念を見分けるための編集的手順で、実証済みの心理過程を示すものではない。"", ""integration"": ""Integratorは機能、Semantic Integration IndexはL4内の正式評価対象であり、同じ種類のラベルではない。音と映像の共存や、人物の多さだけで統合を認めない。"", ""formation"": ""複数の情報が相互参照できる関係を形成したときに割り当てる機能。どの情報が何の理解へ結ばれたかを示し、数や並存から推定しない。"", ""publicDefinition"": ""複数の情報が相互参照できる関係を形成したときに割り当てる機能。どの情報が何の理解へ結ばれたかを示し、数や並存から推定しない。""}",共通③と①=⑤を解消し、概念固有の入力・対比・認識到達・未見事例を作成。,Anime:JudgementSystem.pdf p.1 + Work Prompt + v0.2 Public baseline,"2026-09-16 (receipt/inspection, not framework establishment)",Editorial / retained public proposal,v0.151 unchanged where present; full public v0.2 snapshot retained,Preserved exact object/base64
tal02-constraint-tal-analytical-function,Priority 44 completion,Constraint (TAL Analytical Function),Constraint (TAL Analytical Function),primer / process / integration / formation / publicDefinition / provenance / operationalUse / productionImplication / revision / frameworkEvolution / boundarySummary / completionScope / contentRevision / claimEvidence / checks / recognitionDelta / etymologicalGenesis / editorialReviewStatus,"{""term"": ""Constraint (TAL Analytical Function)"", ""jp"": ""可能性を限定・形成する分析機能"", ""layer"": ""Case-dependent"", ""frameworkStatus"": ""Alpha 6.0 Operational"", ""guidance"": ""対象が可能性空間や解釈空間を限定・形成する役割を担う場合のTAL分析機能型。"", ""primer"": ""どの選択が閉じられ、どの意味の読みが成立するかを記録する。"", ""process"": ""観察単位を定める → この概念の働きを記述する → 近接概念との境界を確かめる → 支持・反対証拠を照合する。"", ""integration"": ""一般概念Constraintと、特定分析でその役割を担うことを区別する。 概念の同一性と、特定作品で担う分析上の役割を分けて記録する。"", ""formation"": ""対象が可能性空間や解釈空間を限定・形成する役割を担う場合のTAL分析機能型。"", ""publicDefinition"": ""対象が可能性空間や解釈空間を限定・形成する役割を担う場合のTAL分析機能型。""}","{""term"": ""Constraint (TAL Analytical Function)"", ""jp"": ""可能性を限定・形成する分析機能"", ""layer"": ""Case-dependent"", ""frameworkStatus"": ""Alpha 6.0 Operational"", ""guidance"": ""対象が可能性空間や解釈空間を限定・形成する役割を担う場合のTAL分析機能型。"", ""primer"": ""Illustrative Example：語り手が一人のため、視聴者は別人物の意図を直接知れない。 この場合に何を区別でき、何はまだ言えないかを考える。"", ""process"": ""Operational Recognition Route：選択可能だった行為・解釈を挙げる → ある条件により閉じる選択と残る選択を区別 → 残る範囲が意味をどう形づくるか読む → 障害の有無と分析上の限定機能を分ける。 以下は概念を見分けるための編集的手順で、実証済みの心理過程を示すものではない。"", ""integration"": ""一般概念Constraintが条件を指すのに対し、この項目は条件が特定場面で果たす役割を指す。Obstacleは目的への妨げであり、限定が表現を豊かにする場合もある。"", ""formation"": ""選択や解釈の範囲を閉じるだけでなく、残る可能性を構成する働きとして割り当てる機能。良い制約・悪い障害という価値判断とは切り離す。"", ""publicDefinition"": ""選択や解釈の範囲を閉じるだけでなく、残る可能性を構成する働きとして割り当てる機能。良い制約・悪い障害という価値判断とは切り離す。""}",共通③と①=⑤を解消し、概念固有の入力・対比・認識到達・未見事例を作成。,Anime:JudgementSystem.pdf p.1 + Work Prompt + v0.2 Public baseline,"2026-09-16 (receipt/inspection, not framework establishment)",Editorial / retained public proposal,v0.151 unchanged where present; full public v0.2 snapshot retained,Preserved exact object/base64
tal02-re-contextualiser,Priority 44 completion,Re-contextualiser,Re-contextualiser,primer / process / integration / formation / publicDefinition / provenance / operationalUse / productionImplication / revision / frameworkEvolution / boundarySummary / completionScope / contentRevision / claimEvidence / checks / recognitionDelta / etymologicalGenesis / editorialReviewStatus,"{""term"": ""Re-contextualiser"", ""jp"": ""先行意味の再配置機能"", ""layer"": ""Case-dependent"", ""frameworkStatus"": ""Alpha 6.0 Operational"", ""guidance"": ""後続情報によって、以前の場面・Node・Conceptの意味を再配置するTAL分析機能型。"", ""primer"": ""後の情報から前の場面へリンクし、変更前後の意味を比較する。"", ""process"": ""観察単位を定める → この概念の働きを記述する → 近接概念との境界を確かめる → 支持・反対証拠を照合する。"", ""integration"": ""単なる回想や再登場ではなく、認識される関係の変化が必要。 概念の同一性と、特定作品で担う分析上の役割を分けて記録する。"", ""formation"": ""後続情報によって、以前の場面・Node・Conceptの意味を再配置するTAL分析機能型。"", ""publicDefinition"": ""後続情報によって、以前の場面・Node・Conceptの意味を再配置するTAL分析機能型。""}","{""term"": ""Re-contextualiser"", ""jp"": ""先行意味の再配置機能"", ""layer"": ""Case-dependent"", ""frameworkStatus"": ""Alpha 6.0 Operational"", ""guidance"": ""後続情報によって、以前の場面・Node・Conceptの意味を再配置するTAL分析機能型。"", ""primer"": ""Illustrative Example：終盤の手紙を読むと、序盤の沈黙が拒絶ではなく保護として読める。 この場合に何を区別でき、何はまだ言えないかを考える。"", ""process"": ""Operational Recognition Route：先行場面の初期の読みを保持 → 後続情報が追加する条件を特定 → 先行情報そのものと新しい読みを分ける → どの関係が再配置されたか記録する。 以下は概念を見分けるための編集的手順で、実証済みの心理過程を示すものではない。"", ""integration"": ""Backward Re-contextualisation Linkは後から前へ結ぶ記録形式、Re-contextualiserはその情報が担う機能。初見中にも成立し得るため、再視聴を要するE4と同一ではない。"", ""formation"": ""後の情報に照らして前の場面の意味位置を変える機能。単なる回想・再掲と区別し、初見中か再視聴時かも指定して使う。"", ""publicDefinition"": ""後の情報に照らして前の場面の意味位置を変える機能。単なる回想・再掲と区別し、初見中か再視聴時かも指定して使う。""}",共通③と①=⑤を解消し、概念固有の入力・対比・認識到達・未見事例を作成。,Anime:JudgementSystem.pdf p.1 + Work Prompt + v0.2 Public baseline,"2026-09-16 (receipt/inspection, not framework establishment)",Editorial / retained public proposal,v0.151 unchanged where present; full public v0.2 snapshot retained,Preserved exact object/base64
tal02-layer-reach,Priority 44 completion,Layer Reach,Layer Reach,primer / process / integration / formation / publicDefinition / relations / provenance / operationalUse / productionImplication / revision / frameworkEvolution / boundarySummary / completionScope / contentRevision / claimEvidence / checks / recognitionDelta / etymologicalGenesis / editorialReviewStatus,"{""term"": ""Layer Reach"", ""jp"": ""影響が届く層"", ""layer"": ""Case-dependent"", ""frameworkStatus"": ""Alpha 6.0 Operational"", ""guidance"": ""どのTAL Layerに働きが届くかを表す運用パラメータ。"", ""primer"": ""LR-1 / LR-2 / LR-3 / LR-4から該当する層を選び、各層への根拠を記録する。"", ""process"": ""観察単位を定める → この概念の働きを記述する → 近接概念との境界を確かめる → 支持・反対証拠を照合する。"", ""integration"": ""Layer Reach ≠ Level。LRは品質順位でも、常に連続した範囲でもない。Layer正式名称は確認待ち。 概念の同一性と、特定作品で担う分析上の役割を分けて記録する。"", ""formation"": ""どのTAL Layerに働きが届くかを表す運用パラメータ。"", ""publicDefinition"": ""どのTAL Layerに働きが届くかを表す運用パラメータ。""}","{""term"": ""Layer Reach"", ""jp"": ""影響が届く層"", ""layer"": ""Case-dependent"", ""frameworkStatus"": ""Alpha 6.0 Operational"", ""guidance"": ""どのTAL Layerに働きが届くかを表す運用パラメータ。"", ""primer"": ""Illustrative Example：音楽が情動と全体の意味を変えるが、世界情報は増やさない。 この場合に何を区別でき、何はまだ言えないかを考える。"", ""process"": ""Operational Recognition Route：起点の表現を特定 → 世界・情報の理解、理解の過程、共感・情動、意味のどこに変化が届くかを別々に調べる → 各作用先への根拠を分ける → 届いた層の集合として記録する。 以下は概念を見分けるための編集的手順で、実証済みの心理過程を示すものではない。"", ""integration"": ""LR-1=L1 Knowledge Architecture、LR-2=L2 Cognitive Architecture、LR-3=L3 Empathic-Emotional Architecture、LR-4=L4 Meaning Architecture。Functionは働きの種類、Pathは位置、Contributionは寄与。Layer +1やCTIは到達集合へ追加しない。"", ""formation"": ""ひとつの操作がCore四層のどこに作用したかを根拠付きの集合として記録する範囲。非連続な到達を認め、到達数を強さやScoreに変換しない。"", ""publicDefinition"": ""ひとつの操作がCore四層のどこに作用したかを根拠付きの集合として記録する範囲。非連続な到達を認め、到達数を強さやScoreに変換しない。""}",共通③と①=⑤を解消し、概念固有の入力・対比・認識到達・未見事例を作成。,Anime:JudgementSystem.pdf p.1 + Work Prompt + v0.2 Public baseline,"2026-09-16 (receipt/inspection, not framework establishment)",Editorial / retained public proposal,v0.151 unchanged where present; full public v0.2 snapshot retained,Preserved exact object/base64
tal02-path,Priority 44 completion,Path,Path,primer / process / integration / formation / publicDefinition / provenance / operationalUse / productionImplication / revision / frameworkEvolution / boundarySummary / completionScope / contentRevision / claimEvidence / checks / recognitionDelta / etymologicalGenesis / editorialReviewStatus,"{""term"": ""Path"", ""jp"": ""分析上の位置・傾向"", ""layer"": ""Case-dependent"", ""frameworkStatus"": ""Alpha 6.0 Operational"", ""guidance"": ""Activation–IntegrationとEpistemic–Experientialの二方向で、分析上の位置や傾向を表す。"", ""primer"": ""各Nodeがどちらへ傾くかを記述し、複数場面・作品で校正する。"", ""process"": ""観察単位を定める → この概念の働きを記述する → 近接概念との境界を確かめる → 支持・反対証拠を照合する。"", ""integration"": ""Path ≠ Function。座標は評価点・物理量・絶対的真理ではない。 概念の同一性と、特定作品で担う分析上の役割を分けて記録する。"", ""formation"": ""Activation–IntegrationとEpistemic–Experientialの二方向で、分析上の位置や傾向を表す。"", ""publicDefinition"": ""Activation–IntegrationとEpistemic–Experientialの二方向で、分析上の位置や傾向を表す。""}","{""term"": ""Path"", ""jp"": ""分析上の位置・傾向"", ""layer"": ""Case-dependent"", ""frameworkStatus"": ""Alpha 6.0 Operational"", ""guidance"": ""Activation–IntegrationとEpistemic–Experientialの二方向で、分析上の位置や傾向を表す。"", ""primer"": ""Illustrative Example：背景情報が多くの伏線と結びつき、出来事の関係理解を作る。 この場合に何を区別でき、何はまだ言えないかを考える。"", ""process"": ""Operational Recognition Route：対象Nodeの働きを一つの時点で捉える → 活性化と統合のどちらへ傾くかを比較 → 知識・認識と経験のどちらを主に形成するかを別に比較 → 二つの位置と根拠を保存する。 以下は概念を見分けるための編集的手順で、実証済みの心理過程を示すものではない。"", ""integration"": ""Pathは二方向の位置・傾向であり、Functionという働きの種類とも、Layer Reachという作用先とも違う。中間や未割当を許容し、座標間距離を作品評価へ読み替えない。"", ""formation"": ""二つの分析軸に沿う位置を、比較条件と根拠を伴って記録する運用パラメータ。座標は認知の統計測定でも品質点でもない。"", ""publicDefinition"": ""二つの分析軸に沿う位置を、比較条件と根拠を伴って記録する運用パラメータ。座標は認知の統計測定でも品質点でもない。""}",共通③と①=⑤を解消し、概念固有の入力・対比・認識到達・未見事例を作成。,Anime:JudgementSystem.pdf p.1 + Work Prompt + v0.2 Public baseline,"2026-09-16 (receipt/inspection, not framework establishment)",Editorial / retained public proposal,v0.151 unchanged where present; full public v0.2 snapshot retained,Preserved exact object/base64
tal02-sophistication-contribution,Priority 44 completion,Sophistication Contribution,Sophistication Contribution,primer / process / integration / formation / publicDefinition / relations / provenance / operationalUse / productionImplication / revision / frameworkEvolution / boundarySummary / completionScope / contentRevision / claimEvidence / checks / recognitionDelta / etymologicalGenesis / editorialReviewStatus,"{""term"": ""Sophistication Contribution"", ""jp"": ""高度化への寄与"", ""layer"": ""Case-dependent"", ""frameworkStatus"": ""Alpha 6.0 Operational"", ""guidance"": ""概念の存在と、作品の高度化へ実際に寄与することを区別する検討項目。"", ""primer"": ""強さ・統合・持続・層への到達・意味変換・視聴者の帰結を、場面の証拠で検討する。"", ""process"": ""観察単位を定める → この概念の働きを記述する → 近接概念との境界を確かめる → 支持・反対証拠を照合する。"", ""integration"": ""概念があることは高い寄与を含意しない。独立した新Scoreを追加しない。 概念の同一性と、特定作品で担う分析上の役割を分けて記録する。"", ""formation"": ""概念の存在と、作品の高度化へ実際に寄与することを区別する検討項目。"", ""publicDefinition"": ""概念の存在と、作品の高度化へ実際に寄与することを区別する検討項目。""}","{""term"": ""Sophistication Contribution"", ""jp"": ""高度化への寄与"", ""layer"": ""Case-dependent"", ""frameworkStatus"": ""Alpha 6.0 Operational"", ""guidance"": ""概念の存在と、作品の高度化へ実際に寄与することを区別する検討項目。"", ""primer"": ""Illustrative Example：複雑な設定があるが、人物行動や理解には一度も関与しない。 この場合に何を区別でき、何はまだ言えないかを考える。"", ""process"": ""Operational Recognition Route：概念が登場する事実を確認 → その働きの強さと他要素との結合を調べる → 時間を通じて意味・認知の差が持続するかを追う → 作用先と寄与を別記する。 以下は概念を見分けるための編集的手順で、実証済みの心理過程を示すものではない。"", ""integration"": ""Concept Presence、Layer Reach、Intensityは寄与の根拠の一部であって代替値ではない。Realised Coreでの働きと、E9/E10のまだ実現していない可能性を分ける。"", ""formation"": ""概念の存在を超えて、統合された働きが作品の認知・意味形成に何を加えたかを検討する項目。多さ・強さ・潜在力の単独指標で代用しない。"", ""publicDefinition"": ""概念の存在を超えて、統合された働きが作品の認知・意味形成に何を加えたかを検討する項目。多さ・強さ・潜在力の単独指標で代用しない。""}",共通③と①=⑤を解消し、概念固有の入力・対比・認識到達・未見事例を作成。,Anime:JudgementSystem.pdf p.1 + Work Prompt + v0.2 Public baseline,"2026-09-16 (receipt/inspection, not framework establishment)",Editorial / retained public proposal,v0.151 unchanged where present; full public v0.2 snapshot retained,Preserved exact object/base64
tal02-second-pass-annotation,Priority 44 completion,Second-Pass Annotation,Second-Pass Annotation,primer / process / integration / formation / publicDefinition / provenance / operationalUse / productionImplication / revision / frameworkEvolution / boundarySummary / completionScope / contentRevision / claimEvidence / checks / recognitionDelta / etymologicalGenesis / editorialReviewStatus,"{""term"": ""Second-Pass Annotation"", ""jp"": ""既存分析への第2パス注釈"", ""layer"": ""Case-dependent"", ""frameworkStatus"": ""Alpha 6.0 Operational"", ""guidance"": ""既存のAlpha詳細分析へ、Version 2の機能・到達層・位置・寄与を追加記録する方法。"", ""primer"": ""Analytical Concept、Primary / Secondary Function、Layer Reach、Path、Sophistication Contributionを根拠付きで追記する。"", ""process"": ""観察単位を定める → この概念の働きを記述する → 近接概念との境界を確かめる → 支持・反対証拠を照合する。"", ""integration"": ""Second-Pass ≠ Full Re-analysis。既存分析の再採点を自動的に行うものではない。 概念の同一性と、特定作品で担う分析上の役割を分けて記録する。"", ""formation"": ""既存のAlpha詳細分析へ、Version 2の機能・到達層・位置・寄与を追加記録する方法。"", ""publicDefinition"": ""既存のAlpha詳細分析へ、Version 2の機能・到達層・位置・寄与を追加記録する方法。""}","{""term"": ""Second-Pass Annotation"", ""jp"": ""既存分析への第2パス注釈"", ""layer"": ""Case-dependent"", ""frameworkStatus"": ""Alpha 6.0 Operational"", ""guidance"": ""既存のAlpha詳細分析へ、Version 2の機能・到達層・位置・寄与を追加記録する方法。"", ""primer"": ""Illustrative Example：すでに採点済みの回へ、音楽のPrimary Functionだけを追記した。 この場合に何を区別でき、何はまだ言えないかを考える。"", ""process"": ""Operational Recognition Route：既存の詳細分析と評価範囲を読む → 再採点せず付け足す属性を指定 → Concept・Function・Reach・Path・Contributionを証拠へ結ぶ → 元分析と追加解釈を別の記録として残す。 以下は概念を見分けるための編集的手順で、実証済みの心理過程を示すものではない。"", ""integration"": ""第2パスはVersion 2文法による注釈で、全再分析やClassの自動変更ではない。新情報が元分析を覆す場合は、注釈の範囲を越える再検討として明示する。"", ""formation"": ""既存分析を保持したまま不足する役割・位置・作用先を追加する方法。評価改訂が必要な場合は、追記と再分析の境界を示して扱う。"", ""publicDefinition"": ""既存分析を保持したまま不足する役割・位置・作用先を追加する方法。評価改訂が必要な場合は、追記と再分析の境界を示して扱う。""}",共通③と①=⑤を解消し、概念固有の入力・対比・認識到達・未見事例を作成。,Anime:JudgementSystem.pdf p.1 + Work Prompt + v0.2 Public baseline,"2026-09-16 (receipt/inspection, not framework establishment)",Editorial / retained public proposal,v0.151 unchanged where present; full public v0.2 snapshot retained,Preserved exact object/base64
tal02-node-identity-tracking,Priority 44 completion,Node Identity Tracking,Node Identity Tracking,primer / process / integration / formation / publicDefinition / provenance / operationalUse / productionImplication / revision / frameworkEvolution / boundarySummary / completionScope / contentRevision / claimEvidence / checks / recognitionDelta / etymologicalGenesis / editorialReviewStatus,"{""term"": ""Node Identity Tracking"", ""jp"": ""分析Nodeの同一性追跡"", ""layer"": ""Case-dependent"", ""frameworkStatus"": ""Alpha 6.0 Operational"", ""guidance"": ""場面・各話・シリーズを越えて、分析Nodeの同一性と変形を追う方法。"", ""primer"": ""同じラベルでもFunction・Reach・Pathが変わった場合は、同一性の根拠と差分を分けて残す。"", ""process"": ""観察単位を定める → この概念の働きを記述する → 近接概念との境界を確かめる → 支持・反対証拠を照合する。"", ""integration"": ""Node Identity ≠ Same Label Only。同じ語で呼んだだけで同一Nodeとしない。 概念の同一性と、特定作品で担う分析上の役割を分けて記録する。"", ""formation"": ""場面・各話・シリーズを越えて、分析Nodeの同一性と変形を追う方法。"", ""publicDefinition"": ""場面・各話・シリーズを越えて、分析Nodeの同一性と変形を追う方法。""}","{""term"": ""Node Identity Tracking"", ""jp"": ""分析Nodeの同一性追跡"", ""layer"": ""Case-dependent"", ""frameworkStatus"": ""Alpha 6.0 Operational"", ""guidance"": ""場面・各話・シリーズを越えて、分析Nodeの同一性と変形を追う方法。"", ""primer"": ""Illustrative Example：同じ旋律が最初は人物の印、後には人物間の関係を結ぶ。 この場合に何を区別でき、何はまだ言えないかを考える。"", ""process"": ""Operational Recognition Route：追跡するNodeの同一性条件を記述 → 別の話で同名の対象がその条件を満たすか確認 → Function・Reach・Pathの差を同一性と別に記録 → 継続・変形・別Nodeの判断を保留可能にする。 以下は概念を見分けるための編集的手順で、実証済みの心理過程を示すものではない。"", ""integration"": ""同じラベルだけでは同じNodeと確定しない。一方で機能が変化しても適用条件や関係が続けば同一Nodeを追跡し得る。Episode Deltaは追跡後の属性差を扱う。"", ""formation"": ""名前でなく成立条件と関係に基づいてNodeの連続性を管理する方法。機能の変化を別概念化せず、同一性が不明な場合も不明として残す。"", ""publicDefinition"": ""名前でなく成立条件と関係に基づいてNodeの連続性を管理する方法。機能の変化を別概念化せず、同一性が不明な場合も不明として残す。""}",共通③と①=⑤を解消し、概念固有の入力・対比・認識到達・未見事例を作成。,Anime:JudgementSystem.pdf p.1 + Work Prompt + v0.2 Public baseline,"2026-09-16 (receipt/inspection, not framework establishment)",Editorial / retained public proposal,v0.151 unchanged where present; full public v0.2 snapshot retained,Preserved exact object/base64
tal02-episode-delta,Priority 44 completion,Episode Delta,Episode Delta,primer / process / integration / formation / publicDefinition / provenance / operationalUse / productionImplication / revision / frameworkEvolution / boundarySummary / completionScope / contentRevision / claimEvidence / checks / recognitionDelta / etymologicalGenesis / editorialReviewStatus,"{""term"": ""Episode Delta"", ""jp"": ""各話間の分析差分"", ""layer"": ""Case-dependent"", ""frameworkStatus"": ""Alpha 6.0 Operational"", ""guidance"": ""Episode nからn+1への、概念の強さ・機能・到達層・位置・意味の変化を記録する項目。"", ""primer"": ""同一Nodeを追い、変わった属性と変更の根拠を記録する。"", ""process"": ""観察単位を定める → この概念の働きを記述する → 近接概念との境界を確かめる → 支持・反対証拠を照合する。"", ""integration"": ""Episode Delta ≠ Episode Quality Score。変化と改善は別。 概念の同一性と、特定作品で担う分析上の役割を分けて記録する。"", ""formation"": ""Episode nからn+1への、概念の強さ・機能・到達層・位置・意味の変化を記録する項目。"", ""publicDefinition"": ""Episode nからn+1への、概念の強さ・機能・到達層・位置・意味の変化を記録する項目。""}","{""term"": ""Episode Delta"", ""jp"": ""各話間の分析差分"", ""layer"": ""Case-dependent"", ""frameworkStatus"": ""Alpha 6.0 Operational"", ""guidance"": ""Episode nからn+1への、概念の強さ・機能・到達層・位置・意味の変化を記録する項目。"", ""primer"": ""Illustrative Example：前話では感情を強めた音楽が、次話で伏線を結びつけた。 この場合に何を区別でき、何はまだ言えないかを考える。"", ""process"": ""Operational Recognition Route：同じNodeと比較範囲をそろえる → 前話と次話の強さ・機能・到達層・位置・意味を並べる → 維持・追加・消失した属性を区別 → 変化の根拠を場面へ結ぶ。 以下は概念を見分けるための編集的手順で、実証済みの心理過程を示すものではない。"", ""integration"": ""Node Identityが比較対象を固定し、Deltaが属性差を記述する。改善・悪化の判断には別のCriterionが必要で、各話の総合品質点とは異なる。"", ""formation"": ""追跡対象の属性が各話間でどう変わったかを残す差分。差が大きいことを良い変化とせず、同一性と比較条件をそろえて使う。"", ""publicDefinition"": ""追跡対象の属性が各話間でどう変わったかを残す差分。差が大きいことを良い変化とせず、同一性と比較条件をそろえて使う。""}",共通③と①=⑤を解消し、概念固有の入力・対比・認識到達・未見事例を作成。,Anime:JudgementSystem.pdf p.1 + Work Prompt + v0.2 Public baseline,"2026-09-16 (receipt/inspection, not framework establishment)",Editorial / retained public proposal,v0.151 unchanged where present; full public v0.2 snapshot retained,Preserved exact object/base64
tal02-backward-re-contextualisation-link,Priority 44 completion,Backward Re-contextualisation Link,Backward Re-contextualisation Link,primer / process / integration / formation / publicDefinition / provenance / operationalUse / productionImplication / revision / frameworkEvolution / boundarySummary / completionScope / contentRevision / claimEvidence / checks / recognitionDelta / etymologicalGenesis / editorialReviewStatus,"{""term"": ""Backward Re-contextualisation Link"", ""jp"": ""後続情報から先行意味への再文脈化リンク"", ""layer"": ""Case-dependent"", ""frameworkStatus"": ""Alpha 6.0 Operational"", ""guidance"": ""後の場面や開示が、前のNodeの意味を変える関係を記録する有向リンク。"", ""primer"": ""Later Information → Earlier Node → Re-contextualised Meaningを記述する。"", ""process"": ""観察単位を定める → この概念の働きを記述する → 近接概念との境界を確かめる → 支持・反対証拠を照合する。"", ""integration"": ""再提示やFlashbackそのものと、意味が変わることを区別する。 概念の同一性と、特定作品で担う分析上の役割を分けて記録する。"", ""formation"": ""後の場面や開示が、前のNodeの意味を変える関係を記録する有向リンク。"", ""publicDefinition"": ""後の場面や開示が、前のNodeの意味を変える関係を記録する有向リンク。""}","{""term"": ""Backward Re-contextualisation Link"", ""jp"": ""後続情報から先行意味への再文脈化リンク"", ""layer"": ""Case-dependent"", ""frameworkStatus"": ""Alpha 6.0 Operational"", ""guidance"": ""後の場面や開示が、前のNodeの意味を変える関係を記録する有向リンク。"", ""primer"": ""Illustrative Example：初見の第8話で第1話の約束が皮肉だったと分かる。 この場合に何を区別でき、何はまだ言えないかを考える。"", ""process"": ""Operational Recognition Route：前のNodeと初期解釈を特定 → 後で得る情報を別Nodeとして記録 → 後から前へ向かう意味更新の参照を張る → 更新前後の解釈差と視聴条件を添える。 以下は概念を見分けるための編集的手順で、実証済みの心理過程を示すものではない。"", ""integration"": ""リンクは因果の逆行ではなく、後から前を読み直す関係。Re-contextualiserは機能名、E4は再視聴の再発見を含むため、初見中の更新と再視聴時の更新を区別する。"", ""formation"": ""後続情報が先行Nodeの読みをどう変えたかを、有向の参照として残す記法。回想の順序や現実の因果とは混同しない。"", ""publicDefinition"": ""後続情報が先行Nodeの読みをどう変えたかを、有向の参照として残す記法。回想の順序や現実の因果とは混同しない。""}",共通③と①=⑤を解消し、概念固有の入力・対比・認識到達・未見事例を作成。,Anime:JudgementSystem.pdf p.1 + Work Prompt + v0.2 Public baseline,"2026-09-16 (receipt/inspection, not framework establishment)",Editorial / retained public proposal,v0.151 unchanged where present; full public v0.2 snapshot retained,Preserved exact object/base64
tal02-coordinate-calibration,Priority 44 completion,Coordinate Calibration,Coordinate Calibration,primer / process / integration / formation / publicDefinition / provenance / operationalUse / productionImplication / revision / frameworkEvolution / boundarySummary / completionScope / contentRevision / claimEvidence / checks / recognitionDelta / etymologicalGenesis / editorialReviewStatus,"{""term"": ""Coordinate Calibration"", ""jp"": ""分析座標の校正"", ""layer"": ""Case-dependent"", ""frameworkStatus"": ""Alpha 6.0 Operational"", ""guidance"": ""位置を絶対値とせず、作品・各話・分析者の比較条件をそろえる方法。"", ""primer"": ""比較範囲・参照Node・判断根拠を明示し、軸の解釈が変わる場合は記録する。"", ""process"": ""観察単位を定める → この概念の働きを記述する → 近接概念との境界を確かめる → 支持・反対証拠を照合する。"", ""integration"": ""Position ≠ Evaluation。座標の差をClassの差に直結させない。 概念の同一性と、特定作品で担う分析上の役割を分けて記録する。"", ""formation"": ""位置を絶対値とせず、作品・各話・分析者の比較条件をそろえる方法。"", ""publicDefinition"": ""位置を絶対値とせず、作品・各話・分析者の比較条件をそろえる方法。""}","{""term"": ""Coordinate Calibration"", ""jp"": ""分析座標の校正"", ""layer"": ""Case-dependent"", ""frameworkStatus"": ""Alpha 6.0 Operational"", ""guidance"": ""位置を絶対値とせず、作品・各話・分析者の比較条件をそろえる方法。"", ""primer"": ""Illustrative Example：分析者二人が違う作品群を参照して同じ場面を別位置へ置いた。 この場合に何を区別でき、何はまだ言えないかを考える。"", ""process"": ""Operational Recognition Route：軸の意味と参照対象を決める → 同じNodeを比較条件の下で置く → 分析者や作品群の違いで位置がずれる理由を調べる → 基準変更を記録して位置を調整する。 以下は概念を見分けるための編集的手順で、実証済みの心理過程を示すものではない。"", ""integration"": ""Pathは相対的な配置であり、位置が変わっても品質変化を意味しない。Benchmarkは参照例、Criterionは判断軸で、Calibrationは両者の使い方をそろえる操作である。"", ""formation"": ""同じ軸・参照範囲で位置を比較できるようにする手続き。位置の不一致を自動的に誤りとせず、基準のずれと解釈差を分ける。"", ""publicDefinition"": ""同じ軸・参照範囲で位置を比較できるようにする手続き。位置の不一致を自動的に誤りとせず、基準のずれと解釈差を分ける。""}",共通③と①=⑤を解消し、概念固有の入力・対比・認識到達・未見事例を作成。,Anime:JudgementSystem.pdf p.1 + Work Prompt + v0.2 Public baseline,"2026-09-16 (receipt/inspection, not framework establishment)",Editorial / retained public proposal,v0.151 unchanged where present; full public v0.2 snapshot retained,Preserved exact object/base64
tal02-series-boundary-crossing,Priority 44 completion,Series Boundary Crossing,Series Boundary Crossing,primer / process / integration / formation / publicDefinition / provenance / operationalUse / productionImplication / revision / frameworkEvolution / boundarySummary / completionScope / contentRevision / claimEvidence / checks / recognitionDelta / etymologicalGenesis / editorialReviewStatus,"{""term"": ""Series Boundary Crossing"", ""jp"": ""シリーズ境界を越える分析"", ""layer"": ""Case-dependent"", ""frameworkStatus"": ""Alpha 6.0 Operational"", ""guidance"": ""Nodeや構造が各話・Season・Series・Film・Franchiseの境界を越える場合を扱う。"", ""primer"": ""境界の種類と、越える前後で維持・変化する関係を記述する。"", ""process"": ""観察単位を定める → この概念の働きを記述する → 近接概念との境界を確かめる → 支持・反対証拠を照合する。"", ""integration"": ""Episode Architecture ≠ Series Architecture。各話の高品質を全体構成へ自動外挿しない。 概念の同一性と、特定作品で担う分析上の役割を分けて記録する。"", ""formation"": ""Nodeや構造が各話・Season・Series・Film・Franchiseの境界を越える場合を扱う。"", ""publicDefinition"": ""Nodeや構造が各話・Season・Series・Film・Franchiseの境界を越える場合を扱う。""}","{""term"": ""Series Boundary Crossing"", ""jp"": ""シリーズ境界を越える分析"", ""layer"": ""Case-dependent"", ""frameworkStatus"": ""Alpha 6.0 Operational"", ""guidance"": ""Nodeや構造が各話・Season・Series・Film・Franchiseの境界を越える場合を扱う。"", ""primer"": ""Illustrative Example：続編で同じ人物が登場するが、語りの視点と関係は一新された。 この場合に何を区別でき、何はまだ言えないかを考える。"", ""process"": ""Operational Recognition Route：境界前後の媒体・話数範囲を指定 → 継続するNodeと新たな文脈を識別 → 関係や機能の維持・変化を追う → 境界を越える根拠を全体構成へ結ぶ。 以下は概念を見分けるための編集的手順で、実証済みの心理過程を示すものではない。"", ""integration"": ""Episode、Season、Series、Film、Franchiseは異なる範囲である。同じ人物の再登場だけで同じArchitectureが続くとは限らず、Node IdentityとTemporal Scaleを併記する。"", ""formation"": ""分析対象がシリーズや媒体の境界を越えるとき、継承された関係と再編された働きを記録する方法。個々の回の品質を全体へ外挿しない。"", ""publicDefinition"": ""分析対象がシリーズや媒体の境界を越えるとき、継承された関係と再編された働きを記録する方法。個々の回の品質を全体へ外挿しない。""}",共通③と①=⑤を解消し、概念固有の入力・対比・認識到達・未見事例を作成。,Anime:JudgementSystem.pdf p.1 + Work Prompt + v0.2 Public baseline,"2026-09-16 (receipt/inspection, not framework establishment)",Editorial / retained public proposal,v0.151 unchanged where present; full public v0.2 snapshot retained,Preserved exact object/base64
tal02-sophistication,Priority 44 completion,Sophistication,Sophistication,primer / process / integration / formation / publicDefinition / relations / provenance / operationalUse / conceptBoundary / primaryContrasts / productionImplication / revision / frameworkEvolution / boundarySummary / completionScope / contentRevision / claimEvidence / checks / recognitionDelta / etymologicalGenesis / editorialReviewStatus,"{""term"": ""Sophistication"", ""jp"": ""娯楽表現の高度化"", ""layer"": ""Case-dependent"", ""frameworkStatus"": ""Alpha 6.0 Core"", ""guidance"": ""時間的な視聴覚構成が統合して認知・意味・娯楽経験へどう働くかを検討するFrameworkの評価対象。"", ""primer"": ""要素の巧さ・複雑さ・強さと、統合された働き・時間的効果を分けて評価する。"", ""process"": ""観察単位を定める → この概念の働きを記述する → 近接概念との境界を確かめる → 支持・反対証拠を照合する。"", ""integration"": ""Complexity、Intensity、Technical Excellence、Commercial Success、Personal Preference、長さは高度化を自動的に意味しない。 概念の同一性と、特定作品で担う分析上の役割を分けて記録する。"", ""formation"": ""時間的な視聴覚構成が統合して認知・意味・娯楽経験へどう働くかを検討するFrameworkの評価対象。"", ""publicDefinition"": ""時間的な視聴覚構成が統合して認知・意味・娯楽経験へどう働くかを検討するFrameworkの評価対象。""}","{""term"": ""Sophistication"", ""jp"": ""娯楽表現の高度化"", ""layer"": ""Case-dependent"", ""frameworkStatus"": ""Alpha 6.0 Core"", ""guidance"": ""時間的な視聴覚構成が統合して認知・意味・娯楽経験へどう働くかを検討するFrameworkの評価対象。"", ""primer"": ""Illustrative Example：映像は精緻だが音楽と人物関係の読みは互いに無関係に進む。 この場合に何を区別でき、何はまだ言えないかを考える。"", ""process"": ""Operational Recognition Route：巧さ・複雑さ・強度への反応をいったん分ける → Core四層で実際に成立した働きを調べる → 要素の結合と時間的効果を説明 → 潜在力・観客成果・好みを別欄へ置いて判断する。 以下は概念を見分けるための編集的手順で、実証済みの心理過程を示すものではない。"", ""integration"": ""PDFでは実現済み高度化をL1–L4/E1–E8で扱い、Layer +1の潜在力とCTIを分離する。Technical Excellence、Commercial Success、Complexityはいずれも同義ではない。"", ""formation"": ""実現した表現の組織化が知識・認知・共感情動・意味をどう成立させるかを、根拠と評価条件に照らして扱う対象。可能性の芽や人気だけで判定しない。"", ""publicDefinition"": ""実現した表現の組織化が知識・認知・共感情動・意味をどう成立させるかを、根拠と評価条件に照らして扱う対象。可能性の芽や人気だけで判定しない。""}",共通③と①=⑤を解消し、概念固有の入力・対比・認識到達・未見事例を作成。,Anime:JudgementSystem.pdf p.1 + Work Prompt + v0.2 Public baseline,"2026-09-16 (receipt/inspection, not framework establishment)",Editorial / retained public proposal,v0.151 unchanged where present; full public v0.2 snapshot retained,Preserved exact object/base64
tal02-class,Priority 44 completion,Class,Class,primer / process / integration / formation / publicDefinition / provenance / operationalUse / productionImplication / revision / frameworkEvolution / boundarySummary / completionScope / contentRevision / claimEvidence / checks / recognitionDelta / etymologicalGenesis / editorialReviewStatus,"{""term"": ""Class"", ""jp"": ""高度化の区分"", ""layer"": ""Case-dependent"", ""frameworkStatus"": ""Diagnostic"", ""guidance"": ""根拠と基準を伴う作品評価の区分。提示仕様ではS / A / B / C / D-Class、Under Grade、Evaluation Outside / Not Applicableを区別する。"", ""primer"": ""適用範囲とCriterionを確認してから区分する。正式な採点式・閾値がない場合は判定を保留する。"", ""process"": ""観察単位を定める → この概念の働きを記述する → 近接概念との境界を確かめる → 支持・反対証拠を照合する。"", ""integration"": ""Class ≠ 個人的好み ≠ 商業的人気 ≠ 技術的巧さだけ。Under Gradeと適用外は別。 概念の同一性と、特定作品で担う分析上の役割を分けて記録する。"", ""formation"": ""根拠と基準を伴う作品評価の区分。提示仕様ではS / A / B / C / D-Class、Under Grade、Evaluation Outside / Not Applicableを区別する。"", ""publicDefinition"": ""根拠と基準を伴う作品評価の区分。提示仕様ではS / A / B / C / D-Class、Under Grade、Evaluation Outside / Not Applicableを区別する。""}","{""term"": ""Class"", ""jp"": ""高度化の区分"", ""layer"": ""Case-dependent"", ""frameworkStatus"": ""Diagnostic"", ""guidance"": ""根拠と基準を伴う作品評価の区分。提示仕様ではS / A / B / C / D-Class、Under Grade、Evaluation Outside / Not Applicableを区別する。"", ""primer"": ""Illustrative Example：8指標の観察はあるが、S-Classの正式閾値が手元にない。 この場合に何を区別でき、何はまだ言えないかを考える。"", ""process"": ""Operational Recognition Route：評価対象の適用範囲を確かめる → Index観察と評価根拠を集める → 使用するClass基準が取得済みかを確認 → 基準がなければ区分名と判定保留を分けて記録する。 以下は概念を見分けるための編集的手順で、実証済みの心理過程を示すものではない。"", ""integration"": ""Classは既存運用の区分で、今回の1頁PDFはS/A/B/C/D等の閾値を定めない。Under GradeとEvaluation Outsideは同じでなく、好みや商業成果とも分ける。"", ""formation"": ""明示された基準の取得と適用範囲を前提に使う評価区分。正式閾値がない場合は名前の存在だけで値からClassを計算しない。"", ""publicDefinition"": ""明示された基準の取得と適用範囲を前提に使う評価区分。正式閾値がない場合は名前の存在だけで値からClassを計算しない。""}",共通③と①=⑤を解消し、概念固有の入力・対比・認識到達・未見事例を作成。,Anime:JudgementSystem.pdf p.1 + Work Prompt + v0.2 Public baseline,"2026-09-16 (receipt/inspection, not framework establishment)",Editorial / retained public proposal,v0.151 unchanged where present; full public v0.2 snapshot retained,Preserved exact object/base64
tal02-temporal-scale,Priority 44 completion,Temporal Scale,Temporal Scale,primer / process / integration / formation / publicDefinition / provenance / operationalUse / productionImplication / revision / frameworkEvolution / boundarySummary / completionScope / contentRevision / claimEvidence / checks / recognitionDelta / etymologicalGenesis / editorialReviewStatus,"{""term"": ""Temporal Scale"", ""jp"": ""分析の時間範囲"", ""layer"": ""Case-dependent"", ""frameworkStatus"": ""Alpha 6.0 Operational"", ""guidance"": ""Shot、Scene、Sequence、Episode、Season、Multi-Season、Series、Franchiseのどの範囲を扱うかを表す。"", ""primer"": ""概念ごとに働く時間範囲を指定し、範囲を広げた場合の根拠を追加する。"", ""process"": ""観察単位を定める → この概念の働きを記述する → 近接概念との境界を確かめる → 支持・反対証拠を照合する。"", ""integration"": ""同じConceptが常に同じ時間範囲で働くとは限らない。 概念の同一性と、特定作品で担う分析上の役割を分けて記録する。"", ""formation"": ""Shot、Scene、Sequence、Episode、Season、Multi-Season、Series、Franchiseのどの範囲を扱うかを表す。"", ""publicDefinition"": ""Shot、Scene、Sequence、Episode、Season、Multi-Season、Series、Franchiseのどの範囲を扱うかを表す。""}","{""term"": ""Temporal Scale"", ""jp"": ""分析の時間範囲"", ""layer"": ""Case-dependent"", ""frameworkStatus"": ""Alpha 6.0 Operational"", ""guidance"": ""Shot、Scene、Sequence、Episode、Season、Multi-Season、Series、Franchiseのどの範囲を扱うかを表す。"", ""primer"": ""Illustrative Example：一つのSceneでは音の反復が統合に働くが、Season全体は未確認。 この場合に何を区別でき、何はまだ言えないかを考える。"", ""process"": ""Operational Recognition Route：観察が成立する最短の範囲を示す → SceneからEpisodeなどへ範囲を広げる → 新たに入る情報や関係を確認 → 同じ主張がどの範囲まで保たれるか限定する。 以下は概念を見分けるための編集的手順で、実証済みの心理過程を示すものではない。"", ""integration"": ""Scaleは時間範囲で、Layer Reachの作用先ともEpisode Deltaの差分とも違う。長く続くことと、意味が持続するTemporal Durabilityは同義ではない。"", ""formation"": ""ある分析主張がどの時間範囲で成り立つかを指定する条件。範囲を広げる際は追加根拠を必要とし、各話から全体へ自動外挿しない。"", ""publicDefinition"": ""ある分析主張がどの時間範囲で成り立つかを指定する条件。範囲を広げる際は追加根拠を必要とし、各話から全体へ自動外挿しない。""}",共通③と①=⑤を解消し、概念固有の入力・対比・認識到達・未見事例を作成。,Anime:JudgementSystem.pdf p.1 + Work Prompt + v0.2 Public baseline,"2026-09-16 (receipt/inspection, not framework establishment)",Editorial / retained public proposal,v0.151 unchanged where present; full public v0.2 snapshot retained,Preserved exact object/base64
tal02-audio-visual-modality,Priority 44 completion,Audio / Visual Modality,Audio / Visual Modality,primer / process / integration / formation / publicDefinition / provenance / operationalUse / productionImplication / revision / frameworkEvolution / boundarySummary / completionScope / contentRevision / claimEvidence / checks / recognitionDelta / etymologicalGenesis / editorialReviewStatus,"{""term"": ""Audio / Visual Modality"", ""jp"": ""音響・映像モダリティ"", ""layer"": ""Case-dependent"", ""frameworkStatus"": ""Alpha 6.0 Operational"", ""guidance"": ""Audio、Visual、Audio × Visualの働きを分けて扱う分析区分。"", ""primer"": ""音響情報、映像情報、それらの関係を観察し、意味抽出がどこで起きるかを示す。"", ""process"": ""観察単位を定める → この概念の働きを記述する → 近接概念との境界を確かめる → 支持・反対証拠を照合する。"", ""integration"": ""Coexistence ≠ Integration。音と映像が良いだけで統合された意味とは限らない。 概念の同一性と、特定作品で担う分析上の役割を分けて記録する。"", ""formation"": ""Audio、Visual、Audio × Visualの働きを分けて扱う分析区分。"", ""publicDefinition"": ""Audio、Visual、Audio × Visualの働きを分けて扱う分析区分。""}","{""term"": ""Audio / Visual Modality"", ""jp"": ""音響・映像モダリティ"", ""layer"": ""Case-dependent"", ""frameworkStatus"": ""Alpha 6.0 Operational"", ""guidance"": ""Audio、Visual、Audio × Visualの働きを分けて扱う分析区分。"", ""primer"": ""Illustrative Example：人物は笑っているが音声の言葉は拒絶を示す。 この場合に何を区別でき、何はまだ言えないかを考える。"", ""process"": ""Operational Recognition Route：同じ出来事について音から得る情報と映像から得る情報を分ける → 一致・補完・矛盾する箇所を探す → 受け手がどの経路で意味を得るかを確認 → 共存と関係生成を区別する。 以下は概念を見分けるための編集的手順で、実証済みの心理過程を示すものではない。"", ""integration"": ""モダリティは情報経路の区別。E7は意味作用、E8は統合、Modality Ablationは経路を制限する候補手法である。情報が存在することと抽出されることは別。"", ""formation"": ""音・映像それぞれの情報とその関係を、受け手の意味抽出と分けて記述する区分。両方あることを統合済みと読まない。"", ""publicDefinition"": ""音・映像それぞれの情報とその関係を、受け手の意味抽出と分けて記述する区分。両方あることを統合済みと読まない。""}",共通③と①=⑤を解消し、概念固有の入力・対比・認識到達・未見事例を作成。,Anime:JudgementSystem.pdf p.1 + Work Prompt + v0.2 Public baseline,"2026-09-16 (receipt/inspection, not framework establishment)",Editorial / retained public proposal,v0.151 unchanged where present; full public v0.2 snapshot retained,Preserved exact object/base64
tal02-preservation,Priority 44 completion,Preservation,Preservation,primer / process / integration / formation / publicDefinition / provenance / operationalUse / productionImplication / revision / frameworkEvolution / boundarySummary / completionScope / contentRevision / claimEvidence / checks / recognitionDelta / etymologicalGenesis / editorialReviewStatus,"{""term"": ""Preservation"", ""jp"": ""未確定の観察を保持する方法"", ""layer"": ""Case-dependent"", ""frameworkStatus"": ""Alpha 6.0 Operational"", ""guidance"": ""曖昧だが顕著な観察を、早すぎる説明で閉じずに検討可能な形で残す方法。"", ""primer"": ""Observation → Salience → Preservation → Hypothesis → Contrast → Falsification → Re-contextualisationとして往復する。"", ""process"": ""観察単位を定める → この概念の働きを記述する → 近接概念との境界を確かめる → 支持・反対証拠を照合する。"", ""integration"": ""未解決の認識を保存することと、Conceptが確立したと採用することは別。 概念の同一性と、特定作品で担う分析上の役割を分けて記録する。"", ""formation"": ""曖昧だが顕著な観察を、早すぎる説明で閉じずに検討可能な形で残す方法。"", ""publicDefinition"": ""曖昧だが顕著な観察を、早すぎる説明で閉じずに検討可能な形で残す方法。""}","{""term"": ""Preservation"", ""jp"": ""未確定の観察を保持する方法"", ""layer"": ""Case-dependent"", ""frameworkStatus"": ""Alpha 6.0 Operational"", ""guidance"": ""曖昧だが顕著な観察を、早すぎる説明で閉じずに検討可能な形で残す方法。"", ""primer"": ""Illustrative Example：ある沈黙が重要に感じられたが理由をまだ説明できない。 この場合に何を区別でき、何はまだ言えないかを考える。"", ""process"": ""Operational Recognition Route：理由をまだ言えない顕著な観察を、その時点の言葉で記録 → 観察と解釈候補を別欄にする → 後で比較できる位置・時点を付ける → 新情報で更新し、未解決なら未解決のまま保持する。 以下は概念を見分けるための編集的手順で、実証済みの心理過程を示すものではない。"", ""integration"": ""保存は仮説確認ではない。Premature Causal Closureを避けつつ、何でも正しいとすることとも違う。後の反証や再文脈化に使える形が必要。"", ""formation"": ""説明を急がず、未確定の観察を再検討可能な証拠位置とともに残す方法。記録した印象を、そのまま確立概念や因果に昇格させない。"", ""publicDefinition"": ""説明を急がず、未確定の観察を再検討可能な証拠位置とともに残す方法。記録した印象を、そのまま確立概念や因果に昇格させない。""}",共通③と①=⑤を解消し、概念固有の入力・対比・認識到達・未見事例を作成。,Anime:JudgementSystem.pdf p.1 + Work Prompt + v0.2 Public baseline,"2026-09-16 (receipt/inspection, not framework establishment)",Editorial / retained public proposal,v0.151 unchanged where present; full public v0.2 snapshot retained,Preserved exact object/base64
tal02-concept-identity,Priority 44 completion,Concept Identity,Concept Identity,primer / process / integration / formation / publicDefinition / provenance / operationalUse / productionImplication / revision / frameworkEvolution / boundarySummary / completionScope / contentRevision / claimEvidence / checks / recognitionDelta / etymologicalGenesis / editorialReviewStatus,"{""term"": ""Concept Identity"", ""jp"": ""概念の同一性"", ""layer"": ""Case-dependent"", ""frameworkStatus"": ""Alpha 6.0 Operational"", ""guidance"": ""概念の適用条件・意味の境界に基づく同一性を扱う。"", ""primer"": ""分析者が付けた名前と、具体的な分析で担う役割を分ける。"", ""process"": ""観察単位を定める → この概念の働きを記述する → 近接概念との境界を確かめる → 支持・反対証拠を照合する。"", ""integration"": ""Concept Identity ≠ Analytical Role。ひとつのConceptが複数の機能を担い得る。 概念の同一性と、特定作品で担う分析上の役割を分けて記録する。"", ""formation"": ""概念の適用条件・意味の境界に基づく同一性を扱う。"", ""publicDefinition"": ""概念の適用条件・意味の境界に基づく同一性を扱う。""}","{""term"": ""Concept Identity"", ""jp"": ""概念の同一性"", ""layer"": ""Case-dependent"", ""frameworkStatus"": ""Alpha 6.0 Operational"", ""guidance"": ""概念の適用条件・意味の境界に基づく同一性を扱う。"", ""primer"": ""Illustrative Example：同じ制約が一話では障害、別の話では意味を統合する条件となる。 この場合に何を区別でき、何はまだ言えないかを考える。"", ""process"": ""Operational Recognition Route：その語を適用できる条件を挙げる → 似た事例と反例で境界を確認 → 別の場面でも条件が保たれるか検討 → 分析上の役割の変化を同一性から分ける。 以下は概念を見分けるための編集的手順で、実証済みの心理過程を示すものではない。"", ""integration"": ""Identityは用語の綴りでもRoleの固定でもない。Node Identity Trackingはその判断を時系列へ適用する方法である。一般概念と正式Index名が近い場合も役割を明示する。"", ""formation"": ""適用条件と境界の連続性から概念を同定する観点。名前が同じでも条件が変われば再検討し、機能が変わっただけで別概念にしない。"", ""publicDefinition"": ""適用条件と境界の連続性から概念を同定する観点。名前が同じでも条件が変われば再検討し、機能が変わっただけで別概念にしない。""}",共通③と①=⑤を解消し、概念固有の入力・対比・認識到達・未見事例を作成。,Anime:JudgementSystem.pdf p.1 + Work Prompt + v0.2 Public baseline,"2026-09-16 (receipt/inspection, not framework establishment)",Editorial / retained public proposal,v0.151 unchanged where present; full public v0.2 snapshot retained,Preserved exact object/base64
tal02-analytical-role,Priority 44 completion,Analytical Role,Analytical Role,primer / process / integration / formation / publicDefinition / provenance / operationalUse / productionImplication / revision / frameworkEvolution / boundarySummary / completionScope / contentRevision / claimEvidence / checks / recognitionDelta / etymologicalGenesis / editorialReviewStatus,"{""term"": ""Analytical Role"", ""jp"": ""特定分析における役割"", ""layer"": ""Case-dependent"", ""frameworkStatus"": ""Alpha 6.0 Operational"", ""guidance"": ""特定の作品・時点で概念を要素・要因・機能などとして使う位置づけ。"", ""primer"": ""対象・時間範囲・説明目的を明示して、その分析での役割を割り当てる。"", ""process"": ""観察単位を定める → この概念の働きを記述する → 近接概念との境界を確かめる → 支持・反対証拠を照合する。"", ""integration"": ""役割は概念の固定属性ではない。作品ごとの値を辞典に固定しない。 概念の同一性と、特定作品で担う分析上の役割を分けて記録する。"", ""formation"": ""特定の作品・時点で概念を要素・要因・機能などとして使う位置づけ。"", ""publicDefinition"": ""特定の作品・時点で概念を要素・要因・機能などとして使う位置づけ。""}","{""term"": ""Analytical Role"", ""jp"": ""特定分析における役割"", ""layer"": ""Case-dependent"", ""frameworkStatus"": ""Alpha 6.0 Operational"", ""guidance"": ""特定の作品・時点で概念を要素・要因・機能などとして使う位置づけ。"", ""primer"": ""Illustrative Example：音楽を一方の分析ではComponent、別の分析では注意のAmplifierとして扱う。 この場合に何を区別でき、何はまだ言えないかを考える。"", ""process"": ""Operational Recognition Route：説明したい問いを決める → 対象がその説明で要素・要因・機能のどれとして使われるか指定 → 役割の証拠を示す → 問いが変わったときの役割変更を許容する。 以下は概念を見分けるための編集的手順で、実証済みの心理過程を示すものではない。"", ""integration"": ""概念の同一性は保持されても、Roleは作品・問いに依存する。正式E番号はFrameworkの配置で、作品ごとのTransformer等の機能割当と同じ属性ではない。"", ""formation"": ""特定の分析目的のもとで対象へ割り当てる説明上の位置。概念の固定属性や正式採用状態とは分け、何の説明に使うかを明記する。"", ""publicDefinition"": ""特定の分析目的のもとで対象へ割り当てる説明上の位置。概念の固定属性や正式採用状態とは分け、何の説明に使うかを明記する。""}",共通③と①=⑤を解消し、概念固有の入力・対比・認識到達・未見事例を作成。,Anime:JudgementSystem.pdf p.1 + Work Prompt + v0.2 Public baseline,"2026-09-16 (receipt/inspection, not framework establishment)",Editorial / retained public proposal,v0.151 unchanged where present; full public v0.2 snapshot retained,Preserved exact object/base64
tal02-production-implication,Priority 44 completion,Production Implication,Production Implication,primer / process / integration / formation / publicDefinition / relations / provenance / operationalUse / conceptBoundary / primaryContrasts / productionImplication / revision / frameworkEvolution / boundarySummary / completionScope / contentRevision / claimEvidence / checks / recognitionDelta / etymologicalGenesis / editorialReviewStatus,"{""term"": ""Production Implication"", ""jp"": ""制作上の含意"", ""layer"": ""Case-dependent"", ""frameworkStatus"": ""Alpha 6.0 Operational"", ""guidance"": ""根拠のある分析から、表現の選択・失敗条件・制作可能性を検討する出力。"", ""primer"": ""何がどう働いたかを反証可能に説明できた場合に、制作上の含意を記述する。"", ""process"": ""観察単位を定める → この概念の働きを記述する → 近接概念との境界を確かめる → 支持・反対証拠を照合する。"", ""integration"": ""新Score Elementではない。検証前の処方や将来Beta要件の確定採用を避ける。 概念の同一性と、特定作品で担う分析上の役割を分けて記録する。"", ""formation"": ""根拠のある分析から、表現の選択・失敗条件・制作可能性を検討する出力。"", ""publicDefinition"": ""根拠のある分析から、表現の選択・失敗条件・制作可能性を検討する出力。""}","{""term"": ""Production Implication"", ""jp"": ""制作上の含意"", ""layer"": ""Case-dependent"", ""frameworkStatus"": ""Alpha 6.0 Operational"", ""guidance"": ""根拠のある分析から、表現の選択・失敗条件・制作可能性を検討する出力。"", ""primer"": ""Illustrative Example：音を遅らせると注意が変わったため、別場面でも遅延を試すと提案した。 この場合に何を区別でき、何はまだ言えないかを考える。"", ""process"": ""Operational Recognition Route：分析で確認した働きを取り出す → どの構成選択と条件が関わるかを述べる → 別の制作条件で残る原理と失う要素を分ける → 検証前は条件付きの示唆として記録する。 以下は概念を見分けるための編集的手順で、実証済みの心理過程を示すものではない。"", ""integration"": ""Production Implicationは制作向けの記述。正式E10はMechanismの抽出・抽象化・転用潜在力を評価する指標であり、同一ではない。示唆が書けることと転用成功を分ける。"", ""formation"": ""観察から導いた設計上の選択・条件・危険を、未検証部分を明示して制作側へ返す出力。E10の評価や実装済みの知識還元システムを代用しない。"", ""publicDefinition"": ""観察から導いた設計上の選択・条件・危険を、未検証部分を明示して制作側へ返す出力。E10の評価や実装済みの知識還元システムを代用しない。""}",共通③と①=⑤を解消し、概念固有の入力・対比・認識到達・未見事例を作成。,Anime:JudgementSystem.pdf p.1 + Work Prompt + v0.2 Public baseline,"2026-09-16 (receipt/inspection, not framework establishment)",Editorial / retained public proposal,v0.151 unchanged where present; full public v0.2 snapshot retained,Preserved exact object/base64
tal02-activation-integration-path,Priority 44 completion,Activation–Integration Path,Activation–Integration Path,primer / process / integration / formation / publicDefinition / provenance / operationalUse / productionImplication / revision / frameworkEvolution / boundarySummary / completionScope / contentRevision / claimEvidence / checks / recognitionDelta / etymologicalGenesis / editorialReviewStatus,"{""term"": ""Activation–Integration Path"", ""jp"": ""活性化–統合の位置軸"", ""layer"": ""Case-dependent"", ""frameworkStatus"": ""Alpha 6.0 Operational"", ""guidance"": ""情報や認知の活性化と、要素間の統合のどちらへ働きが傾くかを示すPath軸。"", ""primer"": ""同一Nodeの位置と変化を比較条件付きで記録する。"", ""process"": ""観察単位を定める → この概念の働きを記述する → 近接概念との境界を確かめる → 支持・反対証拠を照合する。"", ""integration"": ""ActivationかIntegrationかの固定二択ではなく、位置・傾向として扱う。 概念の同一性と、特定作品で担う分析上の役割を分けて記録する。"", ""formation"": ""情報や認知の活性化と、要素間の統合のどちらへ働きが傾くかを示すPath軸。"", ""publicDefinition"": ""情報や認知の活性化と、要素間の統合のどちらへ働きが傾くかを示すPath軸。""}","{""term"": ""Activation–Integration Path"", ""jp"": ""活性化–統合の位置軸"", ""layer"": ""Case-dependent"", ""frameworkStatus"": ""Alpha 6.0 Operational"", ""guidance"": ""情報や認知の活性化と、要素間の統合のどちらへ働きが傾くかを示すPath軸。"", ""primer"": ""Illustrative Example：最初の音は注意を引き、再登場時には複数場面を結ぶ。 この場合に何を区別でき、何はまだ言えないかを考える。"", ""process"": ""Operational Recognition Route：Nodeが何を注意・認知へ立ち上げるかを特定 → 既存情報同士を結ぶ働きも調べる → 比較対象に照らして両者の傾きを記述 → 同時に働く場合は中間や時間的移動として残す。 以下は概念を見分けるための編集的手順で、実証済みの心理過程を示すものではない。"", ""integration"": ""これはPathの一軸で、機能型のIntegratorとは違う。Activationが低級でIntegrationが高級という順位でもなく、必要な時点での働きとして読む。"", ""formation"": ""活性化と統合のどちらへ傾くかを比較条件付きで示す位置軸。二択・優劣・機能の証明にせず、時間による移動を許容する。"", ""publicDefinition"": ""活性化と統合のどちらへ傾くかを比較条件付きで示す位置軸。二択・優劣・機能の証明にせず、時間による移動を許容する。""}",共通③と①=⑤を解消し、概念固有の入力・対比・認識到達・未見事例を作成。,Anime:JudgementSystem.pdf p.1 + Work Prompt + v0.2 Public baseline,"2026-09-16 (receipt/inspection, not framework establishment)",Editorial / retained public proposal,v0.151 unchanged where present; full public v0.2 snapshot retained,Preserved exact object/base64
tal02-epistemic-experiential-path,Priority 44 completion,Epistemic–Experiential Path,Epistemic–Experiential Path,primer / process / integration / formation / publicDefinition / provenance / operationalUse / productionImplication / revision / frameworkEvolution / boundarySummary / completionScope / contentRevision / claimEvidence / checks / recognitionDelta / etymologicalGenesis / editorialReviewStatus,"{""term"": ""Epistemic–Experiential Path"", ""jp"": ""知識・認識–経験の位置軸"", ""layer"": ""Case-dependent"", ""frameworkStatus"": ""Alpha 6.0 Operational"", ""guidance"": ""知識・認識の形成と経験の形成のどちらへ働きが傾くかを示すPath軸。"", ""primer"": ""視聴者の理解と経験を区別しつつ、両者が結びつく場合も記録する。"", ""process"": ""観察単位を定める → この概念の働きを記述する → 近接概念との境界を確かめる → 支持・反対証拠を照合する。"", ""integration"": ""EpistemicとExperientialは優劣ではなく、Functionとも異なる観点。 概念の同一性と、特定作品で担う分析上の役割を分けて記録する。"", ""formation"": ""知識・認識の形成と経験の形成のどちらへ働きが傾くかを示すPath軸。"", ""publicDefinition"": ""知識・認識の形成と経験の形成のどちらへ働きが傾くかを示すPath軸。""}","{""term"": ""Epistemic–Experiential Path"", ""jp"": ""知識・認識–経験の位置軸"", ""layer"": ""Case-dependent"", ""frameworkStatus"": ""Alpha 6.0 Operational"", ""guidance"": ""知識・認識の形成と経験の形成のどちらへ働きが傾くかを示すPath軸。"", ""primer"": ""Illustrative Example：時刻のずれを理解すると同時に、待つ長さを身体的に感じる場面がある。 この場合に何を区別でき、何はまだ言えないかを考える。"", ""process"": ""Operational Recognition Route：得られる知識・区別を言語化 → 同時に形成される感覚・情動・時間経験を記述 → どちらが前景かを比較 → 両者が重なる場合と時点による変化を残す。 以下は概念を見分けるための編集的手順で、実証済みの心理過程を示すものではない。"", ""integration"": ""Pathのもう一軸であり、Epistemicが知的で優れる、Experientialが感情的で劣るという序列ではない。E5/E6やCTIへの寄与は別の根拠を必要とする。"", ""formation"": ""知識・認識と経験のどちらを主に形成するかを示す相対的な位置軸。両者の重なりを認め、統計的独立性や品質点とみなさない。"", ""publicDefinition"": ""知識・認識と経験のどちらを主に形成するかを示す相対的な位置軸。両者の重なりを認め、統計的独立性や品質点とみなさない。""}",共通③と①=⑤を解消し、概念固有の入力・対比・認識到達・未見事例を作成。,Anime:JudgementSystem.pdf p.1 + Work Prompt + v0.2 Public baseline,"2026-09-16 (receipt/inspection, not framework establishment)",Editorial / retained public proposal,v0.151 unchanged where present; full public v0.2 snapshot retained,Preserved exact object/base64
tal02-modality-ablation-test,Priority 44 completion,Modality Ablation Test,Modality Ablation Test,primer / process / integration / formation / publicDefinition / provenance / operationalUse / productionImplication / revision / frameworkEvolution / researchFrontier / boundarySummary / completionScope / contentRevision / claimEvidence / checks / recognitionDelta / etymologicalGenesis / editorialReviewStatus,"{""term"": ""Modality Ablation Test"", ""jp"": ""モダリティ除去テスト"", ""layer"": ""Case-dependent"", ""frameworkStatus"": ""Future Candidate"", ""guidance"": ""音のみ・映像のみなど、モダリティを意図的に除去して意味の残存を検討する候補手法。"", ""primer"": ""除去で何が失われるかを比較し、意味の担い手を再検討する。"", ""process"": ""観察単位を定める → この概念の働きを記述する → 近接概念との境界を確かめる → 支持・反対証拠を照合する。"", ""integration"": ""Research Frontier。Alpha 6.0 Core / Score Elementへの採用を意味しない。 概念の同一性と、特定作品で担う分析上の役割を分けて記録する。"", ""formation"": ""音のみ・映像のみなど、モダリティを意図的に除去して意味の残存を検討する候補手法。"", ""publicDefinition"": ""音のみ・映像のみなど、モダリティを意図的に除去して意味の残存を検討する候補手法。""}","{""term"": ""Modality Ablation Test"", ""jp"": ""モダリティ除去テスト"", ""layer"": ""Case-dependent"", ""frameworkStatus"": ""Future Candidate"", ""guidance"": ""音のみ・映像のみなど、モダリティを意図的に除去して意味の残存を検討する候補手法。"", ""primer"": ""Illustrative Example：無音版では人物の居場所が分からなくなった。 この場合に何を区別でき、何はまだ言えないかを考える。"", ""process"": ""Operational Recognition Route：元の音映像条件を保持 → 音のみ・映像のみ等の比較条件を設定 → 各条件で失われた理解を記録 → 記憶・字幕・提示順の混入を点検する。 以下は概念を見分けるための編集的手順で、実証済みの心理過程を示すものではない。"", ""integration"": ""候補の診断手法。削除で差が出ても、そのモダリティだけが因果を担うとは限らない。E7の意味作用とE8の統合を調べる補助であり正式採点法ではない。"", ""formation"": ""情報経路を制限した比較から各経路の寄与と相互依存を探る方法候補。削除の副作用や記憶を点検し、差を直ちに因果・得点へ換算しない。"", ""publicDefinition"": ""情報経路を制限した比較から各経路の寄与と相互依存を探る方法候補。削除の副作用や記憶を点検し、差を直ちに因果・得点へ換算しない。""}",共通③と①=⑤を解消し、概念固有の入力・対比・認識到達・未見事例を作成。,Anime:JudgementSystem.pdf p.1 + Work Prompt + v0.2 Public baseline,"2026-09-16 (receipt/inspection, not framework establishment)",Editorial / retained public proposal,v0.151 unchanged where present; full public v0.2 snapshot retained,Preserved exact object/base64
tal02-audio-propositional-completeness,Priority 44 completion,Audio Propositional Completeness,Audio Propositional Completeness,primer / process / integration / formation / publicDefinition / provenance / operationalUse / productionImplication / revision / frameworkEvolution / researchFrontier / boundarySummary / completionScope / contentRevision / claimEvidence / checks / recognitionDelta / etymologicalGenesis / editorialReviewStatus,"{""term"": ""Audio Propositional Completeness"", ""jp"": ""音響による命題的内容の充足性"", ""layer"": ""Case-dependent"", ""frameworkStatus"": ""Future Candidate"", ""guidance"": ""音響だけでどの命題的内容が成立するかを検討する候補。"", ""primer"": ""音声言語で内容が分かることと、音響だけで作品全体の意味が保たれることを分ける。"", ""process"": ""観察単位を定める → この概念の働きを記述する → 近接概念との境界を確かめる → 支持・反対証拠を照合する。"", ""integration"": ""Research Frontier。Alpha 6.0 Core / Score Elementへの採用を意味しない。 概念の同一性と、特定作品で担う分析上の役割を分けて記録する。"", ""formation"": ""音響だけでどの命題的内容が成立するかを検討する候補。"", ""publicDefinition"": ""音響だけでどの命題的内容が成立するかを検討する候補。""}","{""term"": ""Audio Propositional Completeness"", ""jp"": ""音響による命題的内容の充足性"", ""layer"": ""Case-dependent"", ""frameworkStatus"": ""Future Candidate"", ""guidance"": ""音響だけでどの命題的内容が成立するかを検討する候補。"", ""primer"": ""Illustrative Example：台詞と環境音だけで誰がどこへ移動したか分かる。 この場合に何を区別でき、何はまだ言えないかを考える。"", ""process"": ""Operational Recognition Route：音だけで明示できる出来事・関係を列挙 → 映像なしでは定まらない命題を探す → 命題の不足と経験の不足を分ける → 範囲付きの充足判断を記録する。 以下は概念を見分けるための編集的手順で、実証済みの心理過程を示すものではない。"", ""integration"": ""命題が音で足りることと、映像が無用なことは違う。Audio+Visual Semanticsは非命題的な質感も扱い得る。語りの量ではなく指定した理解対象に対する充足を問う候補。"", ""formation"": ""指定された出来事や関係を音だけから再構成できるかを検討する観点。経験・情動・視覚的な意味の完結まで主張しない。"", ""publicDefinition"": ""指定された出来事や関係を音だけから再構成できるかを検討する観点。経験・情動・視覚的な意味の完結まで主張しない。""}",共通③と①=⑤を解消し、概念固有の入力・対比・認識到達・未見事例を作成。,Anime:JudgementSystem.pdf p.1 + Work Prompt + v0.2 Public baseline,"2026-09-16 (receipt/inspection, not framework establishment)",Editorial / retained public proposal,v0.151 unchanged where present; full public v0.2 snapshot retained,Preserved exact object/base64
tal02-asymmetric-audiovisual-integration,Priority 44 completion,Asymmetric Audiovisual Integration,Asymmetric Audiovisual Integration,primer / process / integration / formation / publicDefinition / provenance / operationalUse / productionImplication / revision / frameworkEvolution / researchFrontier / boundarySummary / completionScope / contentRevision / claimEvidence / checks / recognitionDelta / etymologicalGenesis / editorialReviewStatus,"{""term"": ""Asymmetric Audiovisual Integration"", ""jp"": ""非対称な視聴覚統合"", ""layer"": ""Case-dependent"", ""frameworkStatus"": ""Future Candidate"", ""guidance"": ""音響と映像が異なる重み・役割で統合に寄与するという候補概念。"", ""primer"": ""寄与が対称でない場合にも、統合が成立する条件を探る。"", ""process"": ""観察単位を定める → この概念の働きを記述する → 近接概念との境界を確かめる → 支持・反対証拠を照合する。"", ""integration"": ""Research Frontier。Alpha 6.0 Core / Score Elementへの採用を意味しない。 概念の同一性と、特定作品で担う分析上の役割を分けて記録する。"", ""formation"": ""音響と映像が異なる重み・役割で統合に寄与するという候補概念。"", ""publicDefinition"": ""音響と映像が異なる重み・役割で統合に寄与するという候補概念。""}","{""term"": ""Asymmetric Audiovisual Integration"", ""jp"": ""非対称な視聴覚統合"", ""layer"": ""Case-dependent"", ""frameworkStatus"": ""Future Candidate"", ""guidance"": ""音響と映像が異なる重み・役割で統合に寄与するという候補概念。"", ""primer"": ""Illustrative Example：人物の無表情は音声の震えを聞くと恐怖として読めるが、言葉の内容は映像なしでも分かる。 この場合に何を区別でき、何はまだ言えないかを考える。"", ""process"": ""Operational Recognition Route：音と映像が運ぶ情報を分ける → 片方が他方の読みを成立させる箇所を特定 → 逆方向でも同じ依存があるか調べる → 非対称な依存を共存と区別する。 以下は概念を見分けるための編集的手順で、実証済みの心理過程を示すものではない。"", ""integration"": ""非対称とは量の差ではなく寄与・依存の関係差を指す候補説明。両方向の因果が実証されたという意味ではなく、E8の正式Rubricでもない。"", ""formation"": ""音と映像の結合で、双方の寄与や依存が同じではない関係を記述する候補。音が長い・映像が派手という量だけでは判断しない。"", ""publicDefinition"": ""音と映像の結合で、双方の寄与や依存が同じではない関係を記述する候補。音が長い・映像が派手という量だけでは判断しない。""}",共通③と①=⑤を解消し、概念固有の入力・対比・認識到達・未見事例を作成。,Anime:JudgementSystem.pdf p.1 + Work Prompt + v0.2 Public baseline,"2026-09-16 (receipt/inspection, not framework establishment)",Editorial / retained public proposal,v0.151 unchanged where present; full public v0.2 snapshot retained,Preserved exact object/base64
tal02-cross-modal-semantic-convergence,Priority 44 completion,Cross-Modal Semantic Convergence,Cross-Modal Semantic Convergence,primer / process / integration / formation / publicDefinition / provenance / operationalUse / productionImplication / revision / frameworkEvolution / researchFrontier / boundarySummary / completionScope / contentRevision / claimEvidence / checks / recognitionDelta / etymologicalGenesis / editorialReviewStatus,"{""term"": ""Cross-Modal Semantic Convergence"", ""jp"": ""モダリティ間の意味収束"", ""layer"": ""Case-dependent"", ""frameworkStatus"": ""Future Candidate"", ""guidance"": ""異なるモダリティから抽出される意味が共通の読みへ近づく関係を検討する候補。"", ""primer"": ""重複情報と、異なる情報から共通の意味へ至る働きを分ける。"", ""process"": ""観察単位を定める → この概念の働きを記述する → 近接概念との境界を確かめる → 支持・反対証拠を照合する。"", ""integration"": ""Research Frontier。Alpha 6.0 Core / Score Elementへの採用を意味しない。 概念の同一性と、特定作品で担う分析上の役割を分けて記録する。"", ""formation"": ""異なるモダリティから抽出される意味が共通の読みへ近づく関係を検討する候補。"", ""publicDefinition"": ""異なるモダリティから抽出される意味が共通の読みへ近づく関係を検討する候補。""}","{""term"": ""Cross-Modal Semantic Convergence"", ""jp"": ""モダリティ間の意味収束"", ""layer"": ""Case-dependent"", ""frameworkStatus"": ""Future Candidate"", ""guidance"": ""異なるモダリティから抽出される意味が共通の読みへ近づく関係を検討する候補。"", ""primer"": ""Illustrative Example：乾いた足音と荒れた地面が、ともに場所の荒廃を示唆する。 この場合に何を区別でき、何はまだ言えないかを考える。"", ""process"": ""Operational Recognition Route：各モダリティが示す意味候補を別々に挙げる → 共通する読みを探す → 矛盾・余剰も残す → 一致が反復なのか相互の絞り込みなのか比較する。 以下は概念を見分けるための編集的手順で、実証済みの心理過程を示すものではない。"", ""integration"": ""収束は同じ音や色を使うことではなく、異なる経路から同じ意味方向へ近づく候補記述。統合には収束以外に矛盾や補完もあり、収束をE8全体としない。"", ""formation"": ""異なる感覚経路の手がかりが特定の意味方向へ集まる関係。すべての差を消す一致ではなく、残る不一致を含めて説明する。"", ""publicDefinition"": ""異なる感覚経路の手がかりが特定の意味方向へ集まる関係。すべての差を消す一致ではなく、残る不一致を含めて説明する。""}",共通③と①=⑤を解消し、概念固有の入力・対比・認識到達・未見事例を作成。,Anime:JudgementSystem.pdf p.1 + Work Prompt + v0.2 Public baseline,"2026-09-16 (receipt/inspection, not framework establishment)",Editorial / retained public proposal,v0.151 unchanged where present; full public v0.2 snapshot retained,Preserved exact object/base64
tal02-transformative-cognitive-consequence,Priority 44 completion,Transformative Cognitive Consequence,Transformative Cognitive Consequence,primer / process / integration / formation / publicDefinition / relations / provenance / aliases / operationalUse / conceptBoundary / primaryContrasts / productionImplication / revision / frameworkEvolution / researchFrontier / boundarySummary / completionScope / contentRevision / claimEvidence / checks / recognitionDelta / etymologicalGenesis / editorialReviewStatus,"{""term"": ""Transformative Cognitive Consequence"", ""jp"": ""変容を伴う認知的帰結"", ""layer"": ""Case-dependent"", ""frameworkStatus"": ""Future Candidate"", ""guidance"": ""作品経験後に認識の枠組みが変化する帰結を検討するTCC候補。"", ""primer"": ""潜在力と実際の帰結を区別し、観測方法と時間範囲を今後定める。"", ""process"": ""観察単位を定める → この概念の働きを記述する → 近接概念との境界を確かめる → 支持・反対証拠を照合する。"", ""integration"": ""Research Frontier。Alpha 6.0 Core / Score Elementへの採用を意味しない。 概念の同一性と、特定作品で担う分析上の役割を分けて記録する。"", ""formation"": ""作品経験後に認識の枠組みが変化する帰結を検討するTCC候補。"", ""publicDefinition"": ""作品経験後に認識の枠組みが変化する帰結を検討するTCC候補。""}","{""term"": ""Transformative Cognitive Consequence"", ""jp"": ""変容を伴う認知的帰結"", ""layer"": ""Case-dependent"", ""frameworkStatus"": ""Future Candidate"", ""guidance"": ""作品経験後に認識の枠組みが変化する帰結を検討するTCC候補。"", ""primer"": ""Illustrative Example：作品後に他者の発言を読む区別が増えたという報告がある。 この場合に何を区別でき、何はまだ言えないかを考える。"", ""process"": ""Operational Recognition Route：鑑賞直後の反応と後に残る区別を分ける → 何の認識・読み方が変わったという仮説か指定 → ACC・CR・AAEのどの候補経路で説明するか検討 → 他の経路や反例を残す。 以下は概念を見分けるための編集的手順で、実証済みの心理過程を示すものではない。"", ""integration"": ""TCCは研究候補で、正式Outcome CTIの別名ではない。ACC・CR・AAEは探索用の候補経路であり、三項の和・必須段階・網羅的分類ではない。説明が精密でもCanonicalにはならない。 射程は視聴者・Audiovisual Language・制作可能性への持続的差分という検討方向を含み、観客向けCTIの範囲へ自動縮約しない。"", ""formation"": ""作品経験が観客・Audiovisual Language・制作可能性にもたらす持続的差分を検討する研究候補。認識上の帰結と候補経路を分け、観客向けの正式CTIや実証済み効果へ自動的に縮約・昇格させない。"", ""publicDefinition"": ""作品経験が観客・Audiovisual Language・制作可能性にもたらす持続的差分を検討する研究候補。認識上の帰結と候補経路を分け、観客向けの正式CTIや実証済み効果へ自動的に縮約・昇格させない。""}",共通③と①=⑤を解消し、概念固有の入力・対比・認識到達・未見事例を作成。,Anime:JudgementSystem.pdf p.1 + Work Prompt + v0.2 Public baseline,"2026-09-16 (receipt/inspection, not framework establishment)",Editorial / retained public proposal,v0.151 unchanged where present; full public v0.2 snapshot retained,Preserved exact object/base64
tal02-audience-cognitive-cultivation,Priority 44 completion,Audience Cognitive Cultivation,Audience Cognitive Cultivation,primer / process / integration / formation / publicDefinition / relations / provenance / aliases / operationalUse / productionImplication / revision / frameworkEvolution / researchFrontier / boundarySummary / completionScope / contentRevision / claimEvidence / checks / recognitionDelta / etymologicalGenesis / editorialReviewStatus,"{""term"": ""Audience Cognitive Cultivation"", ""jp"": ""視聴者の認知的涵養"", ""layer"": ""Case-dependent"", ""frameworkStatus"": ""Future Candidate"", ""guidance"": ""継続的な作品経験が認知の働きを育てる可能性を検討するACC候補。"", ""primer"": ""単回の感動と継続的な認知変化を区別する。"", ""process"": ""観察単位を定める → この概念の働きを記述する → 近接概念との境界を確かめる → 支持・反対証拠を照合する。"", ""integration"": ""Research Frontier。Alpha 6.0 Core / Score Elementへの採用を意味しない。 概念の同一性と、特定作品で担う分析上の役割を分けて記録する。"", ""formation"": ""継続的な作品経験が認知の働きを育てる可能性を検討するACC候補。"", ""publicDefinition"": ""継続的な作品経験が認知の働きを育てる可能性を検討するACC候補。""}","{""term"": ""Audience Cognitive Cultivation"", ""jp"": ""視聴者の認知的涵養"", ""layer"": ""Case-dependent"", ""frameworkStatus"": ""Future Candidate"", ""guidance"": ""継続的な作品経験が認知の働きを育てる可能性を検討するACC候補。"", ""primer"": ""Illustrative Example：最初は見逃した視点の違いを、後の場面で自分から説明できた。 この場合に何を区別でき、何はまだ言えないかを考える。"", ""process"": ""Operational Recognition Route：受け手が最初に使える区別を記録 → 経験を通じて増える読み方・注意の向け方を特定 → 別場面で使えるか確かめる → 一時的な情報取得と持続する育成を分ける。 以下は概念を見分けるための編集的手順で、実証済みの心理過程を示すものではない。"", ""integration"": ""TCCの候補経路。CTIの公式下位指標でも、E9の媒体側の潜在力でもない。知識を多く伝えることと、受け手が新たな区別を使えることは違う。"", ""formation"": ""受け手の認知的な読み方が経験を通して育つという仮説を扱う候補経路。情報量で代用せず、別場面での使用と継続の証拠を求める。"", ""publicDefinition"": ""受け手の認知的な読み方が経験を通して育つという仮説を扱う候補経路。情報量で代用せず、別場面での使用と継続の証拠を求める。""}",共通③と①=⑤を解消し、概念固有の入力・対比・認識到達・未見事例を作成。,Anime:JudgementSystem.pdf p.1 + Work Prompt + v0.2 Public baseline,"2026-09-16 (receipt/inspection, not framework establishment)",Editorial / retained public proposal,v0.151 unchanged where present; full public v0.2 snapshot retained,Preserved exact object/base64
tal02-cognitive-recalibration,Priority 44 completion,Cognitive Recalibration,Cognitive Recalibration,primer / process / integration / formation / publicDefinition / relations / provenance / aliases / operationalUse / productionImplication / revision / frameworkEvolution / researchFrontier / boundarySummary / completionScope / contentRevision / claimEvidence / checks / recognitionDelta / etymologicalGenesis / editorialReviewStatus,"{""term"": ""Cognitive Recalibration"", ""jp"": ""認知の再校正"", ""layer"": ""Case-dependent"", ""frameworkStatus"": ""Future Candidate"", ""guidance"": ""既存の判断枠や見積もりを調整するCR候補。"", ""primer"": ""一時的な情報追加と、見方の校正を区別する。"", ""process"": ""観察単位を定める → この概念の働きを記述する → 近接概念との境界を確かめる → 支持・反対証拠を照合する。"", ""integration"": ""Research Frontier。Alpha 6.0 Core / Score Elementへの採用を意味しない。 概念の同一性と、特定作品で担う分析上の役割を分けて記録する。"", ""formation"": ""既存の判断枠や見積もりを調整するCR候補。"", ""publicDefinition"": ""既存の判断枠や見積もりを調整するCR候補。""}","{""term"": ""Cognitive Recalibration"", ""jp"": ""認知の再校正"", ""layer"": ""Case-dependent"", ""frameworkStatus"": ""Future Candidate"", ""guidance"": ""既存の判断枠や見積もりを調整するCR候補。"", ""primer"": ""Illustrative Example：人物を善悪だけで見ていた人が、責任と制約を分けて判断するようになった。 この場合に何を区別でき、何はまだ言えないかを考える。"", ""process"": ""Operational Recognition Route：受け手の判断基準や重みづけを特定 → 新しい経験がどの基準を揺らしたか記録 → 同じ対象への判断がどう変わるか比較 → 正しさの向上と単なる基準変更を分ける。 以下は概念を見分けるための編集的手順で、実証済みの心理過程を示すものではない。"", ""integration"": ""TCCの候補経路で、図上の位置を合わせるCoordinate Calibrationとは異なる。ChangeはImprovementを含意せず、CTIの公式構成要素とも確定していない。"", ""formation"": ""認識の基準・重みづけが調整されるという仮説を扱う候補。前後の判断条件を示し、調整したことだけで改善や正解とみなさない。"", ""publicDefinition"": ""認識の基準・重みづけが調整されるという仮説を扱う候補。前後の判断条件を示し、調整したことだけで改善や正解とみなさない。""}",共通③と①=⑤を解消し、概念固有の入力・対比・認識到達・未見事例を作成。,Anime:JudgementSystem.pdf p.1 + Work Prompt + v0.2 Public baseline,"2026-09-16 (receipt/inspection, not framework establishment)",Editorial / retained public proposal,v0.151 unchanged where present; full public v0.2 snapshot retained,Preserved exact object/base64
tal02-audiovisual-affordance-expansion,Priority 44 completion,Audiovisual Affordance Expansion,Audiovisual Affordance Expansion,primer / process / integration / formation / publicDefinition / relations / provenance / aliases / operationalUse / conceptBoundary / primaryContrasts / productionImplication / revision / frameworkEvolution / researchFrontier / boundarySummary / completionScope / contentRevision / claimEvidence / checks / recognitionDelta / etymologicalGenesis / editorialReviewStatus,"{""term"": ""Audiovisual Affordance Expansion"", ""jp"": ""視聴覚的アフォーダンス拡張"", ""layer"": ""Case-dependent"", ""frameworkStatus"": ""Future Candidate"", ""guidance"": ""視聴覚的構成が認知・解釈の可能性を開くAAE候補。"", ""primer"": ""現行E9の正式名称と同一化せず、帰結や生成機構の候補として検討する。"", ""process"": ""観察単位を定める → この概念の働きを記述する → 近接概念との境界を確かめる → 支持・反対証拠を照合する。"", ""integration"": ""Research Frontier。Alpha 6.0 Core / Score Elementへの採用を意味しない。 概念の同一性と、特定作品で担う分析上の役割を分けて記録する。"", ""formation"": ""視聴覚的構成が認知・解釈の可能性を開くAAE候補。"", ""publicDefinition"": ""視聴覚的構成が認知・解釈の可能性を開くAAE候補。""}","{""term"": ""Audiovisual Affordance Expansion"", ""jp"": ""視聴覚的アフォーダンス拡張"", ""layer"": ""Case-dependent"", ""frameworkStatus"": ""Future Candidate"", ""guidance"": ""視聴覚的構成が認知・解釈の可能性を開くAAE候補。"", ""primer"": ""Illustrative Example：新しい音の配列で、映像上は離れた人物の時間関係を追える可能性が見えた。 この場合に何を区別でき、何はまだ言えないかを考える。"", ""process"": ""Operational Recognition Route：従来の音映像の読みで難しかった関係を挙げる → 新しい構成が開く操作・知覚を説明 → 受け手と場面の条件を明記 → 潜在的な開放と利用された事実を分ける。 以下は概念を見分けるための編集的手順で、実証済みの心理過程を示すものではない。"", ""integration"": ""TCCの候補経路であり、Layer +1の正式E9と同一ではない。対象領域は重なるが、候補モデル上の経路と正式Potential Indexという役割差を保つ。"", ""formation"": ""音映像によって可能になる読みの範囲が広がるという候補経路。E9へ自動改名せず、誰に何が可能になるかと実際の利用を別々に述べる。"", ""publicDefinition"": ""音映像によって可能になる読みの範囲が広がるという候補経路。E9へ自動改名せず、誰に何が可能になるかと実際の利用を別々に述べる。""}",共通③と①=⑤を解消し、概念固有の入力・対比・認識到達・未見事例を作成。,Anime:JudgementSystem.pdf p.1 + Work Prompt + v0.2 Public baseline,"2026-09-16 (receipt/inspection, not framework establishment)",Editorial / retained public proposal,v0.151 unchanged where present; full public v0.2 snapshot retained,Preserved exact object/base64
tal02-temporal-sustainability-architecture,Priority 44 completion,Temporal Sustainability Architecture,Temporal Sustainability Architecture,primer / process / integration / formation / publicDefinition / provenance / operationalUse / productionImplication / revision / frameworkEvolution / researchFrontier / boundarySummary / completionScope / contentRevision / claimEvidence / checks / recognitionDelta / etymologicalGenesis / editorialReviewStatus,"{""term"": ""Temporal Sustainability Architecture"", ""jp"": ""時間的持続の構成"", ""layer"": ""Case-dependent"", ""frameworkStatus"": ""Future Candidate"", ""guidance"": ""意味・認知上の働きが長い時間範囲で保たれる構成を検討する候補。"", ""primer"": ""単に続くことと、統合された働きが維持されることを分ける。"", ""process"": ""観察単位を定める → この概念の働きを記述する → 近接概念との境界を確かめる → 支持・反対証拠を照合する。"", ""integration"": ""Research Frontier。Alpha 6.0 Core / Score Elementへの採用を意味しない。 概念の同一性と、特定作品で担う分析上の役割を分けて記録する。"", ""formation"": ""意味・認知上の働きが長い時間範囲で保たれる構成を検討する候補。"", ""publicDefinition"": ""意味・認知上の働きが長い時間範囲で保たれる構成を検討する候補。""}","{""term"": ""Temporal Sustainability Architecture"", ""jp"": ""時間的持続の構成"", ""layer"": ""Case-dependent"", ""frameworkStatus"": ""Future Candidate"", ""guidance"": ""意味・認知上の働きが長い時間範囲で保たれる構成を検討する候補。"", ""primer"": ""Illustrative Example：終盤の情報により初期の場面を繰り返し読み直せる。 この場合に何を区別でき、何はまだ言えないかを考える。"", ""process"": ""Operational Recognition Route：短期の効果を記録 → 時間や再接触で維持・変化する関係を追う → 持続を支える反復・未解決性・構成を仮説化 → 単に長い作品や人気が続くことと区別する。 以下は概念を見分けるための編集的手順で、実証済みの心理過程を示すものではない。"", ""integration"": ""時間的な持続を生む構成の研究候補。Temporal Durabilityは持続性を問う観点で、Architectureはそれを支える組織を問う。CTIの観客変容とは同じ測定対象ではない。"", ""formation"": ""時間を隔てても意味・経験の働きが続く仕組みを検討する構成仮説。継続期間や視聴回数を構成の証拠へ置き換えない。"", ""publicDefinition"": ""時間を隔てても意味・経験の働きが続く仕組みを検討する構成仮説。継続期間や視聴回数を構成の証拠へ置き換えない。""}",共通③と①=⑤を解消し、概念固有の入力・対比・認識到達・未見事例を作成。,Anime:JudgementSystem.pdf p.1 + Work Prompt + v0.2 Public baseline,"2026-09-16 (receipt/inspection, not framework establishment)",Editorial / retained public proposal,v0.151 unchanged where present; full public v0.2 snapshot retained,Preserved exact object/base64
tal02-temporal-node-hysteresis,Priority 44 completion,Temporal Node Hysteresis,Temporal Node Hysteresis,primer / process / integration / formation / publicDefinition / provenance / operationalUse / productionImplication / revision / frameworkEvolution / researchFrontier / boundarySummary / completionScope / contentRevision / claimEvidence / checks / recognitionDelta / etymologicalGenesis / editorialReviewStatus,"{""term"": ""Temporal Node Hysteresis"", ""jp"": ""分析Nodeの時間的履歴依存"", ""layer"": ""Case-dependent"", ""frameworkStatus"": ""Future Candidate"", ""guidance"": ""Nodeの現在の意味が、そこへ至る認識履歴に依存するという候補。"", ""primer"": ""同じ場面を異なる視聴順で読む場合など、履歴と現在状態を区別する。"", ""process"": ""観察単位を定める → この概念の働きを記述する → 近接概念との境界を確かめる → 支持・反対証拠を照合する。"", ""integration"": ""Research Frontier。Alpha 6.0 Core / Score Elementへの採用を意味しない。 概念の同一性と、特定作品で担う分析上の役割を分けて記録する。"", ""formation"": ""Nodeの現在の意味が、そこへ至る認識履歴に依存するという候補。"", ""publicDefinition"": ""Nodeの現在の意味が、そこへ至る認識履歴に依存するという候補。""}","{""term"": ""Temporal Node Hysteresis"", ""jp"": ""分析Nodeの時間的履歴依存"", ""layer"": ""Case-dependent"", ""frameworkStatus"": ""Future Candidate"", ""guidance"": ""Nodeの現在の意味が、そこへ至る認識履歴に依存するという候補。"", ""primer"": ""Illustrative Example：同じ挨拶が裏切りを知る前後で異なる響きをもつ。 この場合に何を区別でき、何はまだ言えないかを考える。"", ""process"": ""Operational Recognition Route：Nodeの過去の状態を記録 → 同じ現在情報でも履歴が違えば読みが違うか比較 → 残存する影響を特定 → 単なる時間差や記憶量の差と区別する。 以下は概念を見分けるための編集的手順で、実証済みの心理過程を示すものではない。"", ""integration"": ""履歴依存を表す研究候補で、物理的ヒステリシスの測定則を輸入しない。Episode Deltaは前後差、ここでは現在の読みが経路に依存するかを問う。"", ""formation"": ""過去の経験経路が現在のNodeの読みへ残るという候補。現在情報の同一性と履歴差を示し、差があるだけで不可逆性を主張しない。"", ""publicDefinition"": ""過去の経験経路が現在のNodeの読みへ残るという候補。現在情報の同一性と履歴差を示し、差があるだけで不可逆性を主張しない。""}",共通③と①=⑤を解消し、概念固有の入力・対比・認識到達・未見事例を作成。,Anime:JudgementSystem.pdf p.1 + Work Prompt + v0.2 Public baseline,"2026-09-16 (receipt/inspection, not framework establishment)",Editorial / retained public proposal,v0.151 unchanged where present; full public v0.2 snapshot retained,Preserved exact object/base64
tal02-temporal-integration-burst,Priority 44 completion,Temporal Integration Burst,Temporal Integration Burst,primer / process / integration / formation / publicDefinition / provenance / operationalUse / productionImplication / revision / frameworkEvolution / researchFrontier / boundarySummary / completionScope / contentRevision / claimEvidence / checks / recognitionDelta / etymologicalGenesis / editorialReviewStatus,"{""term"": ""Temporal Integration Burst"", ""jp"": ""時間的統合の集中発生"", ""layer"": ""Case-dependent"", ""frameworkStatus"": ""Future Candidate"", ""guidance"": ""蓄積した情報がある時点で集中的に結びつくという候補。"", ""primer"": ""単なる強い演出と、複数の意味関係の統合を区別する。"", ""process"": ""観察単位を定める → この概念の働きを記述する → 近接概念との境界を確かめる → 支持・反対証拠を照合する。"", ""integration"": ""Research Frontier。Alpha 6.0 Core / Score Elementへの採用を意味しない。 概念の同一性と、特定作品で担う分析上の役割を分けて記録する。"", ""formation"": ""蓄積した情報がある時点で集中的に結びつくという候補。"", ""publicDefinition"": ""蓄積した情報がある時点で集中的に結びつくという候補。""}","{""term"": ""Temporal Integration Burst"", ""jp"": ""時間的統合の集中発生"", ""layer"": ""Case-dependent"", ""frameworkStatus"": ""Future Candidate"", ""guidance"": ""蓄積した情報がある時点で集中的に結びつくという候補。"", ""primer"": ""Illustrative Example：一つの名前の開示で三つの別事件の関係が分かる。 この場合に何を区別でき、何はまだ言えないかを考える。"", ""process"": ""Operational Recognition Route：断片が未接続な期間を特定 → ある時点で結ばれる関係を列挙 → その前後の理解差を比較 → 驚きの強さと関係形成の集中を分ける。 以下は概念を見分けるための編集的手順で、実証済みの心理過程を示すものではない。"", ""integration"": ""統合が時間的に集中するという研究候補。Integratorは機能、Burstは発生パターン。大音量や急展開だけでは統合が起きたと認めない。"", ""formation"": ""分散していた情報関係が特定の時点に集中して結ばれる候補パターン。衝撃ではなく何と何が結びついたかを示す。"", ""publicDefinition"": ""分散していた情報関係が特定の時点に集中して結ばれる候補パターン。衝撃ではなく何と何が結びついたかを示す。""}",共通③と①=⑤を解消し、概念固有の入力・対比・認識到達・未見事例を作成。,Anime:JudgementSystem.pdf p.1 + Work Prompt + v0.2 Public baseline,"2026-09-16 (receipt/inspection, not framework establishment)",Editorial / retained public proposal,v0.151 unchanged where present; full public v0.2 snapshot retained,Preserved exact object/base64
tal02-semantic-openness,Priority 44 completion,Semantic Openness,Semantic Openness,primer / process / integration / formation / publicDefinition / provenance / operationalUse / productionImplication / revision / frameworkEvolution / researchFrontier / boundarySummary / completionScope / contentRevision / claimEvidence / checks / recognitionDelta / etymologicalGenesis / editorialReviewStatus,"{""term"": ""Semantic Openness"", ""jp"": ""意味の開放性"", ""layer"": ""Case-dependent"", ""frameworkStatus"": ""Future Candidate"", ""guidance"": ""複数の根拠ある解釈の可能性を残す構成を検討する候補。"", ""primer"": ""曖昧さや情報不足と、検討可能な複数解釈を区別する。"", ""process"": ""観察単位を定める → この概念の働きを記述する → 近接概念との境界を確かめる → 支持・反対証拠を照合する。"", ""integration"": ""Research Frontier。Alpha 6.0 Core / Score Elementへの採用を意味しない。 概念の同一性と、特定作品で担う分析上の役割を分けて記録する。"", ""formation"": ""複数の根拠ある解釈の可能性を残す構成を検討する候補。"", ""publicDefinition"": ""複数の根拠ある解釈の可能性を残す構成を検討する候補。""}","{""term"": ""Semantic Openness"", ""jp"": ""意味の開放性"", ""layer"": ""Case-dependent"", ""frameworkStatus"": ""Future Candidate"", ""guidance"": ""複数の根拠ある解釈の可能性を残す構成を検討する候補。"", ""primer"": ""Illustrative Example：結末の行動は犠牲とも逃避とも読め、それぞれ別の場面が支える。 この場合に何を区別でき、何はまだ言えないかを考える。"", ""process"": ""Operational Recognition Route：成立する読みを複数挙げる → 各読みを支える手がかりと否定する条件を示す → 共通する制約を探す → 説明不足による不明と根拠のある開放性を分ける。 以下は概念を見分けるための編集的手順で、実証済みの心理過程を示すものではない。"", ""integration"": ""複数の読みを許すという候補観点。何でも許すことではなく、Semantic Integrationと両立し得る。Fantastic Residualは合理化後に残る余剰を特に扱う。"", ""formation"": ""手がかりに拘束されつつ複数の意味が残る状態を検討する観点。判定不能を美点へ変えず、各解釈の成立条件を残す。"", ""publicDefinition"": ""手がかりに拘束されつつ複数の意味が残る状態を検討する観点。判定不能を美点へ変えず、各解釈の成立条件を残す。""}",共通③と①=⑤を解消し、概念固有の入力・対比・認識到達・未見事例を作成。,Anime:JudgementSystem.pdf p.1 + Work Prompt + v0.2 Public baseline,"2026-09-16 (receipt/inspection, not framework establishment)",Editorial / retained public proposal,v0.151 unchanged where present; full public v0.2 snapshot retained,Preserved exact object/base64
tal02-fantastic-residual,Priority 44 completion,Fantastic Residual,Fantastic Residual,primer / process / integration / formation / publicDefinition / provenance / operationalUse / productionImplication / revision / frameworkEvolution / researchFrontier / boundarySummary / completionScope / contentRevision / claimEvidence / checks / recognitionDelta / etymologicalGenesis / editorialReviewStatus,"{""term"": ""Fantastic Residual"", ""jp"": ""幻想性の残余"", ""layer"": ""Case-dependent"", ""frameworkStatus"": ""Future Candidate"", ""guidance"": ""説明や分析の後にも残る幻想的な認識を検討する候補。"", ""primer"": ""今回の資料では厳密な境界は未提示。説明不足との識別を研究課題として保存する。"", ""process"": ""観察単位を定める → この概念の働きを記述する → 近接概念との境界を確かめる → 支持・反対証拠を照合する。"", ""integration"": ""Research Frontier。Alpha 6.0 Core / Score Elementへの採用を意味しない。 概念の同一性と、特定作品で担う分析上の役割を分けて記録する。"", ""formation"": ""説明や分析の後にも残る幻想的な認識を検討する候補。"", ""publicDefinition"": ""説明や分析の後にも残る幻想的な認識を検討する候補。""}","{""term"": ""Fantastic Residual"", ""jp"": ""幻想性の残余"", ""layer"": ""Case-dependent"", ""frameworkStatus"": ""Future Candidate"", ""guidance"": ""説明や分析の後にも残る幻想的な認識を検討する候補。"", ""primer"": ""Illustrative Example：怪現象は機械の故障と説明されたが、反復する声の意味は回収されない。 この場合に何を区別でき、何はまだ言えないかを考える。"", ""process"": ""Operational Recognition Route：出来事への合理的説明を列挙 → 説明で回収される部分を区別 → 回収後も異様さや意味として残る部分を特定 → 単なる説明漏れか意図を断定せず検討する。 以下は概念を見分けるための編集的手順で、実証済みの心理過程を示すものではない。"", ""integration"": ""合理化しても残る幻想的な余剰を扱う研究候補。Semantic Openness一般より限定的で、作者意図や超自然的事実の証明ではない。"", ""formation"": ""合理的説明の後にも経験や意味として残る不確定な余剰。説明不備との可能性を併記し、超自然の存在へ飛躍しない。"", ""publicDefinition"": ""合理的説明の後にも経験や意味として残る不確定な余剰。説明不備との可能性を併記し、超自然の存在へ飛躍しない。""}",共通③と①=⑤を解消し、概念固有の入力・対比・認識到達・未見事例を作成。,Anime:JudgementSystem.pdf p.1 + Work Prompt + v0.2 Public baseline,"2026-09-16 (receipt/inspection, not framework establishment)",Editorial / retained public proposal,v0.151 unchanged where present; full public v0.2 snapshot retained,Preserved exact object/base64
tal02-cross-media-affordance,Priority 44 completion,Cross-Media Affordance,Cross-Media Affordance,primer / process / integration / formation / publicDefinition / provenance / operationalUse / productionImplication / revision / frameworkEvolution / researchFrontier / boundarySummary / completionScope / contentRevision / claimEvidence / checks / recognitionDelta / etymologicalGenesis / editorialReviewStatus,"{""term"": ""Cross-Media Affordance"", ""jp"": ""媒体を越えるアフォーダンス"", ""layer"": ""Case-dependent"", ""frameworkStatus"": ""Future Candidate"", ""guidance"": ""媒体間で何が知覚・認知・解釈可能になるかの差を検討する候補。"", ""primer"": ""媒体の能力と受け手との関係における可能性を分ける。"", ""process"": ""観察単位を定める → この概念の働きを記述する → 近接概念との境界を確かめる → 支持・反対証拠を照合する。"", ""integration"": ""Research Frontier。Alpha 6.0 Core / Score Elementへの採用を意味しない。 概念の同一性と、特定作品で担う分析上の役割を分けて記録する。"", ""formation"": ""媒体間で何が知覚・認知・解釈可能になるかの差を検討する候補。"", ""publicDefinition"": ""媒体間で何が知覚・認知・解釈可能になるかの差を検討する候補。""}","{""term"": ""Cross-Media Affordance"", ""jp"": ""媒体を越えるアフォーダンス"", ""layer"": ""Case-dependent"", ""frameworkStatus"": ""Future Candidate"", ""guidance"": ""媒体間で何が知覚・認知・解釈可能になるかの差を検討する候補。"", ""primer"": ""Illustrative Example：小説では内面を明示でき、映像では沈黙の長さを共に経験できる。 この場合に何を区別でき、何はまだ言えないかを考える。"", ""process"": ""Operational Recognition Route：媒体ごとの表現・受容条件を列挙 → 同じ課題で何が可能・困難か比較 → 他媒体で保てる関係と変わる関係を分ける → 単純な優劣ではなく条件付きの可能性を示す。 以下は概念を見分けるための編集的手順で、実証済みの心理過程を示すものではない。"", ""integration"": ""Cross-Mediaは媒体間比較の候補。Capabilityは能力、Affordanceは受け手との関係、E10は抽象化した設計機構の転用潜在力であり異なる問い。"", ""formation"": ""媒体が違うと受け手に開かれる行為・認知可能性がどう変わるかを比較する観点。移植できる見た目と移植できる働きを分ける。"", ""publicDefinition"": ""媒体が違うと受け手に開かれる行為・認知可能性がどう変わるかを比較する観点。移植できる見た目と移植できる働きを分ける。""}",共通③と①=⑤を解消し、概念固有の入力・対比・認識到達・未見事例を作成。,Anime:JudgementSystem.pdf p.1 + Work Prompt + v0.2 Public baseline,"2026-09-16 (receipt/inspection, not framework establishment)",Editorial / retained public proposal,v0.151 unchanged where present; full public v0.2 snapshot retained,Preserved exact object/base64
tal02-setting-as-generative-system,Priority 44 completion,Setting as Generative System,Setting as Generative System,primer / process / integration / formation / publicDefinition / provenance / operationalUse / productionImplication / revision / frameworkEvolution / researchFrontier / boundarySummary / completionScope / contentRevision / claimEvidence / checks / recognitionDelta / etymologicalGenesis / editorialReviewStatus,"{""term"": ""Setting as Generative System"", ""jp"": ""生成システムとしての設定"", ""layer"": ""Case-dependent"", ""frameworkStatus"": ""Future Candidate"", ""guidance"": ""規則・制約・アフォーダンス・資源・行為者の能力が、行動・人物関係・物語を生成し得るという候補モデル。"", ""primer"": ""背景の情報量ではなく、設定から何が可能・不可能になるかを検討する。"", ""process"": ""観察単位を定める → この概念の働きを記述する → 近接概念との境界を確かめる → 支持・反対証拠を照合する。"", ""integration"": ""Research Frontier。Alpha 6.0 Core / Score Elementへの採用を意味しない。 概念の同一性と、特定作品で担う分析上の役割を分けて記録する。"", ""formation"": ""規則・制約・アフォーダンス・資源・行為者の能力が、行動・人物関係・物語を生成し得るという候補モデル。"", ""publicDefinition"": ""規則・制約・アフォーダンス・資源・行為者の能力が、行動・人物関係・物語を生成し得るという候補モデル。""}","{""term"": ""Setting as Generative System"", ""jp"": ""生成システムとしての設定"", ""layer"": ""Case-dependent"", ""frameworkStatus"": ""Future Candidate"", ""guidance"": ""規則・制約・アフォーダンス・資源・行為者の能力が、行動・人物関係・物語を生成し得るという候補モデル。"", ""primer"": ""Illustrative Example：記憶を売買できる規則が、複数の人物の選択と衝突を生む。 この場合に何を区別でき、何はまだ言えないかを考える。"", ""process"": ""Operational Recognition Route：設定の規則を取り出す → 規則から可能な行動と葛藤を導く → 複数の展開で同じ生成条件が働くか確かめる → 設定の装飾的な量と区別する。 以下は概念を見分けるための編集的手順で、実証済みの心理過程を示すものではない。"", ""integration"": ""設定を展開の生成系として見る研究候補。World-Building Densityは情報の密度、正式Layer +1は作品を越えた潜在高度化を扱う別枠であり、語のGenerativeだけで同一視しない。"", ""formation"": ""世界の規則が行動・葛藤・展開を生む条件として働く場合の見方。設定説明の豊富さから生成力を推定しない。"", ""publicDefinition"": ""世界の規則が行動・葛藤・展開を生む条件として働く場合の見方。設定説明の豊富さから生成力を推定しない。""}",共通③と①=⑤を解消し、概念固有の入力・対比・認識到達・未見事例を作成。,Anime:JudgementSystem.pdf p.1 + Work Prompt + v0.2 Public baseline,"2026-09-16 (receipt/inspection, not framework establishment)",Editorial / retained public proposal,v0.151 unchanged where present; full public v0.2 snapshot retained,Preserved exact object/base64
tal02-world-building-density,Priority 44 completion,World-Building Density,World-Building Density,primer / process / integration / formation / publicDefinition / provenance / operationalUse / productionImplication / revision / frameworkEvolution / researchFrontier / boundarySummary / completionScope / contentRevision / claimEvidence / checks / recognitionDelta / etymologicalGenesis / editorialReviewStatus,"{""term"": ""World-Building Density"", ""jp"": ""世界構築の密度"", ""layer"": ""Case-dependent"", ""frameworkStatus"": ""Future Candidate"", ""guidance"": ""世界の情報・規則・関係の密度と作動を検討する候補。"", ""primer"": ""今回の資料では尺度が未確定。密度の高さを高度化やIntegrator機能へ自動変換しない。"", ""process"": ""観察単位を定める → この概念の働きを記述する → 近接概念との境界を確かめる → 支持・反対証拠を照合する。"", ""integration"": ""Research Frontier。Alpha 6.0 Core / Score Elementへの採用を意味しない。 概念の同一性と、特定作品で担う分析上の役割を分けて記録する。"", ""formation"": ""世界の情報・規則・関係の密度と作動を検討する候補。"", ""publicDefinition"": ""世界の情報・規則・関係の密度と作動を検討する候補。""}","{""term"": ""World-Building Density"", ""jp"": ""世界構築の密度"", ""layer"": ""Case-dependent"", ""frameworkStatus"": ""Future Candidate"", ""guidance"": ""世界の情報・規則・関係の密度と作動を検討する候補。"", ""primer"": ""Illustrative Example：短い会話で貨幣制度と身分規則と移動制限が示される。 この場合に何を区別でき、何はまだ言えないかを考える。"", ""process"": ""Operational Recognition Route：対象範囲の世界情報を拾う → 新しい関係・規則と単なる反復を分ける → 受け手が利用できる形か調べる → 密度と理解・統合・品質を別記する。 以下は概念を見分けるための編集的手順で、実証済みの心理過程を示すものではない。"", ""integration"": ""世界情報の集中を問う研究候補で、E1やE2の正式Rubricではない。Setting as Generative Systemは規則から展開を生む働きであり密度と独立に検討する。"", ""formation"": ""限られた範囲にどの程度の世界の区別・関係が詰まるかを記述する観点。多さをそのまま高度化へ変換しない。"", ""publicDefinition"": ""限られた範囲にどの程度の世界の区別・関係が詰まるかを記述する観点。多さをそのまま高度化へ変換しない。""}",共通③と①=⑤を解消し、概念固有の入力・対比・認識到達・未見事例を作成。,Anime:JudgementSystem.pdf p.1 + Work Prompt + v0.2 Public baseline,"2026-09-16 (receipt/inspection, not framework establishment)",Editorial / retained public proposal,v0.151 unchanged where present; full public v0.2 snapshot retained,Preserved exact object/base64
tal02-repetition-as-constraint-integrator-amplifier,Priority 44 completion,Repetition as Constraint / Integrator / Amplifier,Repetition as Constraint / Integrator / Amplifier,primer / process / integration / formation / publicDefinition / provenance / operationalUse / productionImplication / revision / frameworkEvolution / researchFrontier / boundarySummary / completionScope / contentRevision / claimEvidence / checks / recognitionDelta / etymologicalGenesis / editorialReviewStatus,"{""term"": ""Repetition as Constraint / Integrator / Amplifier"", ""jp"": ""反復が担う複数の機能"", ""layer"": ""Case-dependent"", ""frameworkStatus"": ""Future Candidate"", ""guidance"": ""反復が制約・統合・増幅として働き得るという候補的分析視点。"", ""primer"": ""同一の反復でも作品・時点ごとに異なる機能を割り当て、反復そのものを機能としない。"", ""process"": ""観察単位を定める → この概念の働きを記述する → 近接概念との境界を確かめる → 支持・反対証拠を照合する。"", ""integration"": ""Research Frontier。Alpha 6.0 Core / Score Elementへの採用を意味しない。 概念の同一性と、特定作品で担う分析上の役割を分けて記録する。"", ""formation"": ""反復が制約・統合・増幅として働き得るという候補的分析視点。"", ""publicDefinition"": ""反復が制約・統合・増幅として働き得るという候補的分析視点。""}","{""term"": ""Repetition as Constraint / Integrator / Amplifier"", ""jp"": ""反復が担う複数の機能"", ""layer"": ""Case-dependent"", ""frameworkStatus"": ""Future Candidate"", ""guidance"": ""反復が制約・統合・増幅として働き得るという候補的分析視点。"", ""primer"": ""Illustrative Example：同じ台詞が選択の狭さを示しつつ、離れた二場面も結ぶ。 この場合に何を区別でき、何はまだ言えないかを考える。"", ""process"": ""Operational Recognition Route：何が反復するかを固定 → 各回で閉じる選択・結ぶ関係・増す強さを別々に問う → 複数機能の共存を記録 → 反復回数と寄与を分ける。 以下は概念を見分けるための編集的手順で、実証済みの心理過程を示すものではない。"", ""integration"": ""同じ形式が異なる機能を担うという候補の複合観点。三機能は排他的でも完全な一覧でもない。反復というIdentityだけから機能は決まらない。"", ""formation"": ""反復を回数でなく、限定・統合・増幅の具体的な働きから読む方法候補。各場面の根拠に応じて機能を併記し、固定分類しない。"", ""publicDefinition"": ""反復を回数でなく、限定・統合・増幅の具体的な働きから読む方法候補。各場面の根拠に応じて機能を併記し、固定分類しない。""}",共通③と①=⑤を解消し、概念固有の入力・対比・認識到達・未見事例を作成。,Anime:JudgementSystem.pdf p.1 + Work Prompt + v0.2 Public baseline,"2026-09-16 (receipt/inspection, not framework establishment)",Editorial / retained public proposal,v0.151 unchanged where present; full public v0.2 snapshot retained,Preserved exact object/base64
tal02-future-generative-architecture,Priority 44 completion,Future Generative Architecture,Future Generative Architecture,guidance / primer / process / integration / formation / publicDefinition / relations / provenance / operationalUse / conceptBoundary / primaryContrasts / productionImplication / revision / frameworkEvolution / researchFrontier / boundarySummary / completionScope / contentRevision / claimEvidence / checks / recognitionDelta / etymologicalGenesis / candidateChain / editorialReviewStatus,"{""term"": ""Future Generative Architecture"", ""jp"": ""将来の生成的アーキテクチャ"", ""layer"": ""Case-dependent"", ""frameworkStatus"": ""Future Candidate"", ""guidance"": ""Information → Language Space → Interaction → Cognition → Meaning → Transformation → Entertainment Experienceという将来の生成連鎖候補。"", ""primer"": ""現行Alpha 6.0 Core Chainと併記せず、候補モデルとして比較・反証する。"", ""process"": ""観察単位を定める → この概念の働きを記述する → 近接概念との境界を確かめる → 支持・反対証拠を照合する。"", ""integration"": ""Research Frontier。Alpha 6.0 Core / Score Elementへの採用を意味しない。 概念の同一性と、特定作品で担う分析上の役割を分けて記録する。"", ""formation"": ""Information → Language Space → Interaction → Cognition → Meaning → Transformation → Entertainment Experienceという将来の生成連鎖候補。"", ""publicDefinition"": ""Information → Language Space → Interaction → Cognition → Meaning → Transformation → Entertainment Experienceという将来の生成連鎖候補。""}","{""term"": ""Future Generative Architecture"", ""jp"": ""将来の生成的アーキテクチャ"", ""layer"": ""Case-dependent"", ""frameworkStatus"": ""Future Candidate"", ""guidance"": ""将来の生成的な分析モデルと、現行ですでに正式な潜在力の構造を分けて考える。"", ""primer"": ""Illustrative Example：E9とE10に新しい研究経路を接続する案を作った。 この場合に何を区別でき、何はまだ言えないかを考える。"", ""process"": ""Operational Recognition Route：将来モデルが解く課題を記述 → 現行Alpha 6.0で既に正式な要素を分離 → 新たな接続仮説を列挙 → 必要な根拠と採用条件を未確定として残す。 以下は概念を見分けるための編集的手順で、実証済みの心理過程を示すものではない。"", ""integration"": ""研究上の将来像で、正式Layer +1 Generative Potential Architectureの同義語ではない。E9/E10が確定しても将来モデル全体は確定しない。候補の精緻化は正式採用と別。"", ""formation"": ""将来の生成的な分析構造を検討する研究枠。現行の正式配置と追加仮説を分け、詳細な説明を採用済みの証拠にしない。"", ""publicDefinition"": ""将来の生成的な分析構造を検討する研究枠。現行の正式配置と追加仮説を分け、詳細な説明を採用済みの証拠にしない。""}",共通③と①=⑤を解消し、概念固有の入力・対比・認識到達・未見事例を作成。,Anime:JudgementSystem.pdf p.1 + Work Prompt + v0.2 Public baseline,"2026-09-16 (receipt/inspection, not framework establishment)",Editorial / retained public proposal,v0.151 unchanged where present; full public v0.2 snapshot retained,Preserved exact object/base64
tal021-generative-potential-architecture,Add formal missing entry,,Generative Potential Architecture,id / term / jp / category / statuses / status / source / layer / guidance / primer / process / integration / formation / formula / publicDefinition / relations / provenance / introducedIn / ipa / speechText / speechLanguage / audio / audioStatus / aliases / group / conceptOrigin / frameworkStatus / frameworkIntroducedIn / frameworkRevisedIn / candidateTargetVersion / conceptualRole / frameworkRole / operationalUse / primaryFunction / secondaryFunction / layerReach / path / sophisticationContribution / evidenceStatus / conceptBoundary / primaryContrasts / secondaryContrasts / productionImplication / evidence / revision / frameworkEvolution / boundarySummary / previousTerm / canonicalRegistryId / structuralRole / claimEvidence / completionScope / contentRevision / checks / recognitionDelta / etymologicalGenesis / formalDefinitionSource / editorialReviewStatus,Not present,"{""term"": ""Generative Potential Architecture"", ""jp"": ""生成的潜在高度化構造"", ""layer"": ""Layer +1"", ""frameworkStatus"": ""Alpha 6.0 Potential"", ""guidance"": ""作品の中で実現した働きとは別に、これから可能になる読み方や設計の芽を捉える。"", ""primer"": ""Illustrative Example：未完成作品に新しい読み方の可能性と別制作へ移せる仕組みがある。 この場合に何を区別でき、何はまだ言えないかを考える。"", ""process"": ""Operational Recognition Route：作品内で実現した働きを先に分ける → 新しい認知可能域と設計転用の可能性を別々に特定 → E9とE10の成立条件を記録 → 観客の実際の変容を独立欄へ置く。 以下は概念を見分けるための編集的手順で、実証済みの心理過程を示すものではない。"", ""integration"": ""Layer +1はL1〜L4と同列の第五Core層ではない。E9とE10を持つ正式なSeparate Generative Potential Architectureであり、両者の配点・合算法は未規定。Future Generative Architectureは別の候補モデル。"", ""formation"": ""実現済みCoreから切り離して、認知可能域の拡張と設計の転用可能性を扱う正式な潜在力構造。第五Core層や観客成果の代用にしない。"", ""publicDefinition"": ""実現済みCoreから切り離して、認知可能域の拡張と設計の転用可能性を扱う正式な潜在力構造。第五Core層や観客成果の代用にしない。""}",PDFに正式記載されているがv0.2には欠けていたため追加。候補数の拡大ではない。,Anime:JudgementSystem.pdf p.1 + Work Prompt + v0.2 Public baseline,"2026-09-16 (receipt/inspection, not framework establishment)",Label/placement/explicit weights source-confirmed; concept-specific explanation editorial,First Confirmed in Supplied Source,New Samantha current-name audio
tal021-generative-design-transferability-potential-index,Add formal missing entry,,Generative Design Transferability Potential Index,id / term / jp / category / statuses / status / source / layer / guidance / primer / process / integration / formation / formula / publicDefinition / relations / provenance / introducedIn / ipa / speechText / speechLanguage / audio / audioStatus / aliases / group / conceptOrigin / frameworkStatus / frameworkIntroducedIn / frameworkRevisedIn / candidateTargetVersion / conceptualRole / frameworkRole / operationalUse / primaryFunction / secondaryFunction / layerReach / path / sophisticationContribution / evidenceStatus / conceptBoundary / primaryContrasts / secondaryContrasts / productionImplication / evidence / revision / frameworkEvolution / boundarySummary / previousTerm / canonicalRegistryId / structuralRole / claimEvidence / completionScope / contentRevision / checks / recognitionDelta / etymologicalGenesis / formalDefinitionSource / editorialReviewStatus,Not present,"{""term"": ""Generative Design Transferability Potential Index"", ""jp"": ""生成的設計転用潜在力指数"", ""layer"": ""E10 / Layer +1"", ""frameworkStatus"": ""Alpha 6.0 Potential"", ""guidance"": ""見た目を真似るだけでなく、働く仕組みを別の制作へ持ち出せるかを見る。"", ""primer"": ""Illustrative Example：ある作品の音の遅延が予測を作る仕組みを、別ジャンルで試す案に整理した。 この場合に何を区別でき、何はまだ言えないかを考える。"", ""process"": ""Operational Recognition Route：元作品の効果と表現操作を分ける → 効果を支えるMechanismを条件付きで抽出 → 表面の意匠から離れて関係を抽象化 → 別文脈で必要な条件と失敗可能性を検討する。 以下は概念を見分けるための編集的手順で、実証済みの心理過程を示すものではない。"", ""integration"": ""E10はLayer +1の正式Potential IndexでCore外。単なる模倣やTechniqueの再使用ではなく、設計の働きを抽出・抽象化・転用できる潜在力を問う説明。Production Implicationは出力文であり指標の代用ではない。"", ""formation"": ""働きを支える設計機構を条件付きで抽象化し、別の文脈へ移せるかを検討する正式潜在力指標。見た目のコピーや転用成功の実証と分ける。"", ""publicDefinition"": ""働きを支える設計機構を条件付きで抽象化し、別の文脈へ移せるかを検討する正式潜在力指標。見た目のコピーや転用成功の実証と分ける。""}",PDFに正式記載されているがv0.2には欠けていたため追加。候補数の拡大ではない。,Anime:JudgementSystem.pdf p.1 + Work Prompt + v0.2 Public baseline,"2026-09-16 (receipt/inspection, not framework establishment)",Label/placement/explicit weights source-confirmed; concept-specific explanation editorial,First Confirmed in Supplied Source,New Samantha current-name audio
tal021-cognitive-transformation-index,Add formal missing entry,,Cognitive Transformation Index,id / term / jp / category / statuses / status / source / layer / guidance / primer / process / integration / formation / formula / publicDefinition / relations / provenance / introducedIn / ipa / speechText / speechLanguage / audio / audioStatus / aliases / group / conceptOrigin / frameworkStatus / frameworkIntroducedIn / frameworkRevisedIn / candidateTargetVersion / conceptualRole / frameworkRole / operationalUse / primaryFunction / secondaryFunction / layerReach / path / sophisticationContribution / evidenceStatus / conceptBoundary / primaryContrasts / secondaryContrasts / productionImplication / evidence / revision / frameworkEvolution / boundarySummary / previousTerm / canonicalRegistryId / structuralRole / claimEvidence / completionScope / contentRevision / checks / recognitionDelta / etymologicalGenesis / formalDefinitionSource / editorialReviewStatus,Not present,"{""term"": ""Cognitive Transformation Index"", ""jp"": ""認知変容指数"", ""layer"": ""Independent Outcome Measure"", ""frameworkStatus"": ""Alpha 6.0 Independent Outcome"", ""guidance"": ""作品体験の前と後で、観客の世界や他者の捉え方が組み替わったかを見る。"", ""primer"": ""Illustrative Example：鑑賞後に他者の選択を読む基準が変わったという具体的説明がある。 この場合に何を区別でき、何はまだ言えないかを考える。"", ""process"": ""Operational Recognition Route：鑑賞前の認識の枠・区別を記録 → 鑑賞後に何が組み替わったか具体例で比べる → 一時的情動や知識の追加だけの場合を分ける → 持続・他経験・判断不能を記録する。 以下は概念を見分けるための編集的手順で、実証済みの心理過程を示すものではない。"", ""integration"": ""CTIは独立Outcome Measure。Core/E9/E10に加算せず、旧CPIや候補TCCの別名にしない。PDFの?.?/10.0は未記入でゼロではない。観察期間・Rubric・アンカーは未規定。"", ""formation"": ""観客の認識がどう再構成されたかを問う独立成果指標。感動や新情報の取得だけで成立とせず、変化の証拠と測定上の未規定を残す。"", ""publicDefinition"": ""観客の認識がどう再構成されたかを問う独立成果指標。感動や新情報の取得だけで成立とせず、変化の証拠と測定上の未規定を残す。""}",PDFに正式記載されているがv0.2には欠けていたため追加。候補数の拡大ではない。,Anime:JudgementSystem.pdf p.1 + Work Prompt + v0.2 Public baseline,"2026-09-16 (receipt/inspection, not framework establishment)",Label/placement/explicit weights source-confirmed; concept-specific explanation editorial,First Confirmed in Supplied Source,New Samantha current-name audio
